"""GRPCOL""","""HUM""","""TEMP""","""PWRA"""
43580.54167,34,35.1,1657.4
43580.54514,34,35.2,1653
43580.54861,33,35.3,1506.6
43580.55208,33,35.4,1485.6
43580.55556,33,35.5,1505.8
43580.55903,33,35.6,1501.4
43580.5625,33,35.7,1443.2
43580.56597,33,35.8,1365.8
43580.56944,32,35.9,1345
43580.57292,32,36,1367
43580.57639,31,36,1434.2
43580.57986,31,36.1,1435.8
43580.58333,30,36.2,1431.8
43580.58681,30,36.3,1424.8
43580.59028,30,36.4,1421.4
43580.59375,30,36.5,1425.6
43580.59722,29,36.6,1423.8
43580.60069,29,36.7,1391.4
43580.60417,29,36.7,1488.4
43580.60764,29,36.8,1509.6
43580.61111,29,36.9,1504.6
43580.61458,29,37,1492.8
43580.61806,29,37.1,1404
43580.62153,28,37.2,1407.6
43580.625,28,37.3,1403.8
43580.62847,28,37.3,1400.2
43580.63194,28,37.3,1404.2
43580.63542,28,37.4,1467.4
43580.63889,28,37.5,1469
43580.64236,28,37.5,1675.2
43580.64583,28,37.6,2382
43580.64931,28,37.7,1877.8
43580.65278,27,37.7,1419
43580.65625,27,37.8,1433
43580.65972,27,37.9,1393.2
43580.66319,27,37.9,1391.8
43580.66667,27,38,1407.6
43580.67014,27,38,1430.8
43580.67361,27,38.1,1410
43580.67708,26,38.1,1418.6
43580.68056,26,38.2,1439
43580.68403,26,38.2,1451.2
43580.6875,26,38.2,1555.6
43580.69097,26,38.3,1673.6
43580.69444,26,38.3,1650.8
43580.69792,26,38.4,1656.4
43580.70139,26,38.4,1647.4
43580.70486,26,38.4,1603.2
43580.70833,26,38.4,1450.6
43580.71181,26,38.4,1437.2
43580.71528,26,38.5,1399.2
43580.71875,26,38.5,1424.6
43580.72222,26,38.2,1445.4
43580.72569,26,37.9,1495.4
43580.72917,27,38.1,1441.4
43580.73264,27,38.2,1432.4
43580.73611,27,38.4,1622.2
43580.73958,26,38.4,1521
43580.74306,26,38.4,1402.8
43580.74653,27,38.5,1376.4
43580.75,27,38.5,1379.4
43580.75347,27,38.5,1413.4
43580.75694,27,38.5,1398.2
43580.76042,27,38.5,1394.4
43580.76389,27,38.5,1389.2
43580.76736,27,38.5,1402.8
43580.77083,27,38.5,1406.4
43580.77431,27,38.5,1485.4
43580.77778,27,38.4,1485.4
43580.78125,27,38.4,1477.2
43580.78472,27,38.4,1476.8
43580.78819,27,38.4,998.6
43580.79167,27,38.4,956.6
43580.79514,27,38.4,914.2
43580.79861,28,38.4,913.6
43580.80208,28,38.3,776.2
43580.80556,28,38.3,355.4
43580.80903,28,38.3,1406.4
43580.8125,28,38.3,1533.8
43580.81597,28,38.3,1571
43580.81944,28,38.2,1562
43580.82292,28,38,1590.6
43580.82639,28,37.9,1542.4
43580.82986,29,38,1543.2
43580.83333,29,38,1545.6
43580.83681,29,38,1636.6
43580.84028,29,38,1543.4
43580.84375,29,38,1538.4
43580.84722,29,38,1555.8
43580.85069,29,38,1545.4
43580.85417,29,38,1553.6
43580.85764,29,37.9,1542
43580.86111,29,37.9,1545.6
43580.86458,30,37.9,1681.8
43580.86806,30,37.9,1706.8
43580.87153,30,37.8,1700.6
43580.875,30,37.8,1646.2
43580.87847,30,37.8,1550.8
43580.88194,30,37.7,1532.2
43580.88542,30,37.7,1539.6
43580.88889,30,37.7,1549.2
43580.89236,30,37.6,1550.4
43580.89583,30,37.6,1565.6
43580.89931,30,37.6,1576
43580.90278,30,37.5,1559.4
43580.90625,30,37.5,1502.6
43580.90972,30,37.5,1506.8
43580.91319,30,37.5,1509
43580.91667,30,37.4,1501.4
43580.92014,30,37.4,1494.4
43580.92361,31,37.3,1515
43580.92708,31,37.3,1711.6
43580.93056,31,37.3,1647.6
43580.93403,31,37.3,1730
43580.9375,31,37.3,1705.8
43580.94097,31,37.3,1705.6
43580.94444,31,37.3,1727
43580.94792,31,37.2,1772.2
43580.95139,32,37.2,1768
43580.95486,32,37.1,1774.8
43580.95833,32,37.1,1941.2
43580.96181,32,37.1,2004
43580.96528,32,37,1986
43580.96875,32,37,1996.6
43580.97222,32,37,2032.8
43580.97569,32,36.9,1990.6
43580.97917,33,36.9,2008
43580.98264,33,36.9,1973.2
43580.98611,33,36.8,2265.4
43580.98958,33,36.8,4173.6
43580.99306,34,36.5,4151.6
43580.99653,34,36.4,3272.8
43581,35,36.3,1728.2
43581.00347,35,36.2,1743.8
43581.00694,36,36.2,1898.8
43581.01042,36,35.8,1863.4
43581.01389,36,35.1,1866
43581.01736,35,34.5,1906.4
43581.02083,35,34.1,3922.4
43581.02431,34,33.8,8267
43581.02778,34,33.6,8496
43581.03125,33,33.4,8610
43581.03472,33,33.1,8723.4
43581.03819,33,32.8,8742.4
43581.04167,33,32.6,8638.6
43581.04514,33,32.5,8534.6
43581.04861,33,32.4,8538.4
43581.05208,33,32.2,8573.8
43581.05556,33,32.1,8562.6
43581.05903,33,32,8689
43581.0625,33,31.7,8611.8
43581.06597,33,31.7,8604.4
43581.06944,33,31.7,8689.8
43581.07292,33,31.5,8590.8
43581.07639,33,31.4,8663.6
43581.07986,33,31.3,8732.4
43581.08333,33,31.2,8592.2
43581.08681,33,31.2,8554.8
43581.09028,33,31.1,8599.2
43581.09375,34,31,8708.8
43581.09722,34,31,8806.6
43581.10069,34,30.9,8745.6
43581.10417,34,30.8,8759.8
43581.10764,34,30.7,8769.8
43581.11111,34,30.7,8773
43581.11458,34,30.6,8727.4
43581.11806,34,30.5,8734.6
43581.12153,34,30.4,8774.4
43581.125,34,30.3,8744.6
43581.12847,34,30.3,8741.2
43581.13194,34,30.2,8731
43581.13542,34,30.1,8657
43581.13889,34,29.8,8246.6
43581.14236,34,29.7,8252.6
43581.14583,34,29.7,8175
43581.14931,34,29.6,8082
43581.15278,34,29.5,7852
43581.15625,34,29.5,7729.4
43581.15972,34,29.4,8790.8
43581.16319,35,29.4,8801.4
43581.16667,34,29.7,8828.2
43581.17014,34,30.4,8825.4
43581.17361,35,30.8,8725.6
43581.17708,35,31.1,8540.8
43581.18056,36,31.3,1725.2
43581.18403,36,31.5,1905.6
43581.1875,37,31.6,1917.4
43581.19097,37,31.7,1907.8
43581.19444,38,31.7,1916.2
43581.19792,38,31.7,1912.8
43581.20139,38,31.8,1904.8
43581.20486,39,31.9,1900
43581.20833,39,31.9,1916.6
43581.21181,39,32,1902.2
43581.21528,40,32,1894.6
43581.21875,40,32,1903
43581.22222,40,32.1,1900.4
43581.22569,40,32.1,1896.2
43581.22917,41,32.1,1887.2
43581.23264,41,32.1,1881.2
43581.23611,41,32.2,1890
43581.23958,41,32.2,1894.4
43581.24306,42,32.2,1893.6
43581.24653,42,32.2,1883.8
43581.25,42,32.2,1876.4
43581.25347,42,32.2,1878.8
43581.25694,43,32.2,1878
43581.26042,43,32.2,1875.2
43581.26389,43,32.2,1878.6
43581.26736,43,32.2,1882.2
43581.27083,43,32.2,1873.4
43581.27431,43,32.2,1858.8
43581.27778,44,32.2,1869.4
43581.28125,44,32.2,1863.6
43581.28472,44,32.2,1856.8
43581.28819,44,32.2,1842
43581.29167,44,32.2,1787.2
43581.29514,44,32.2,1786.4
43581.29861,45,32.2,1781.4
43581.30208,45,32.2,1789.8
43581.30556,45,32.2,1793.6
43581.30903,45,32.2,1809.8
43581.3125,45,32.2,1827
43581.31597,45,32.2,1839
43581.31944,45,32.2,1699.4
43581.32292,45,32.2,1640.4
43581.32639,45,32.3,1656.4
43581.32986,45,32.3,1655.6
43581.33333,45,32.3,1670.4
43581.33681,45,32.3,1683.4
43581.34028,45,32.3,1667.4
43581.34375,45,32.3,1696.4
43581.34722,45,32.3,1692.8
43581.35069,45,32.3,1700.8
43581.35417,45,32.3,1673.2
43581.35764,44,32.3,1673.6
43581.36111,44,32.3,1672
43581.36458,44,32.3,1686.8
43581.36806,43,32.4,1696.4
43581.37153,42,32.4,1662.2
43581.375,41,32.4,1685.6
43581.37847,40,32.4,1710.4
43581.38194,40,32.5,1701.2
43581.38542,39,32.5,1702.8
43581.38889,39,32.5,1678.4
43581.39236,39,32.5,1668.6
43581.39583,39,32.6,1697.4
43581.39931,39,32.6,1660.4
43581.40278,39,32.6,1661.4
43581.40625,38,32.7,1660.8
43581.40972,38,32.7,1643.4
43581.41319,38,32.8,1640.6
43581.41667,38,32.8,1640.2
43581.42014,38,32.9,1640.8
43581.42361,38,32.9,1657.6
43581.42708,38,33,1533.6
43581.43056,38,33,1411.2
43581.43403,38,33.1,1429.4
43581.4375,38,33.1,1419.6
43581.44097,38,33.2,1413.8
43581.44444,38,33.2,1383.8
43581.44792,38,33.3,1380.2
43581.45139,38,33.4,1386
43581.45486,38,33.4,1413
43581.45833,37,33.5,1362.6
43581.46181,37,33.6,1350.6
43581.46528,37,33.6,1389.6
43581.46875,37,33.7,1485.8
43581.47222,37,33.7,1479.4
43581.47569,37,33.8,1608
43581.47917,37,33.9,1663.2
43581.48264,37,34,1506
43581.48611,37,34.1,1246.6
43581.48958,37,34.1,1148.6
43581.49306,37,34.2,1085.4
43581.49653,37,34.2,1098.8
43581.5,37,34.3,1100.8
43581.50347,37,34.4,814.2
43581.50694,37,34.5,796.8
43581.51042,36,34.6,1736.6
43581.51389,36,34.7,1523
43581.51736,36,34.8,1456.8
43581.52083,35,34.9,1498
43581.52431,35,35,1517.2
43581.52778,34,35.1,1518.2
43581.53125,34,35.2,1452.4
43581.53472,34,35.3,1436.8
43581.53819,34,35.4,1480
43581.54167,33,35.4,1529.6
43581.54514,33,35.5,1643.4
43581.54861,33,35.6,1654.2
43581.55208,32,35.7,1667.4
43581.55556,32,35.8,1510.4
43581.55903,32,35.9,1490.2
43581.5625,32,36,1510.6
43581.56597,32,36.1,1522.2
43581.56944,32,36.2,1438.2
43581.57292,32,36.3,1401.6
43581.57639,32,36.4,1435.4
43581.57986,31,36.5,1434.6
43581.58333,31,36.6,1408.8
43581.58681,31,36.6,1392.4
43581.59028,30,36.7,1397.2
43581.59375,31,36.5,1395.8
43581.59722,31,36.5,1394.6
43581.60069,31,36.5,1389.8
43581.60417,31,36.5,1496
43581.60764,31,36.6,1684.6
43581.61111,30,36.7,1691.2
43581.61458,30,36.7,1684.6
43581.61806,30,36.8,1673.4
43581.62153,29,36.9,1667.6
43581.625,29,37,1656
43581.62847,28,37,1675.2
43581.63194,28,37.1,1706.8
43581.63542,28,37.2,1706.4
43581.63889,27,37.3,1713.2
43581.64236,27,37.3,1710.4
43581.64583,27,37.3,1655.6
43581.64931,28,37.5,1643.2
43581.65278,28,37.7,1642.6
43581.65625,28,37.9,1633.6
43581.65972,28,38,1525.4
43581.66319,27,38,1412.6
43581.66667,27,38.1,1427.4
43581.67014,27,38.2,1422.4
43581.67361,27,37.9,1463.6
43581.67708,27,37.8,1437.2
43581.68056,27,37.8,1445.6
43581.68403,27,37.8,1472
43581.6875,27,38,1612
43581.69097,27,38.2,1616
43581.69444,27,38.3,1617.8
43581.69792,27,38.4,1567.6
43581.70139,27,38.5,1459.2
43581.70486,26,38.4,1453.2
43581.70833,27,38.1,1463.2
43581.71181,27,38.1,1464.8
43581.71528,27,38,1468
43581.71875,27,38,1585.8
43581.72222,27,38,1646.4
43581.72569,27,38.1,1646.2
43581.72917,27,38.3,1644.6
43581.73264,27,38.4,1584.6
43581.73611,27,38.5,1680.8
43581.73958,27,38.6,1546.8
43581.74306,27,38.6,1480.6
43581.74653,27,38.6,1421
43581.75,27,38.3,1383.8
43581.75347,27,38.2,1386
43581.75694,27,38.1,1388.8
43581.76042,27,38.1,1483.8
43581.76389,27,38,1696.2
43581.76736,27,38,1696.4
43581.77083,27,38.2,1694.4
43581.77431,28,38.3,1694.8
43581.77778,28,38.4,1687
43581.78125,28,38.5,1731.8
43581.78472,28,38.5,1791.6
43581.78819,28,38.5,1786
43581.79167,28,38.5,1790.6
43581.79514,28,38.5,1747.8
43581.79861,28,38.5,1731.6
43581.80208,28,38.5,1685.4
43581.80556,29,38.4,1524.2
43581.80903,29,38.1,1530.6
43581.8125,30,38,1562
43581.81597,30,38.1,1464
43581.81944,30,38.2,1624.2
43581.82292,30,38.2,1753.4
43581.82639,30,38.3,1612.4
43581.82986,30,38.3,1534.8
43581.83333,30,38.3,1529.2
43581.83681,30,38.3,1170.2
43581.84028,30,38.2,736.6
43581.84375,30,38.2,784
43581.84722,30,38.2,926
43581.85069,31,38.2,541.4
43581.85417,31,38.2,327.4
43581.85764,31,38.2,1589.6
43581.86111,31,38.1,1650
43581.86458,31,38.1,1650.8
43581.86806,31,38.1,1626.2
43581.87153,31,38.1,1637.2
43581.875,31,38,1613.6
43581.87847,31,38,1609
43581.88194,31,38,1598.8
43581.88542,31,38,1598.8
43581.88889,31,37.9,1601.6
43581.89236,31,37.9,1583.4
43581.89583,31,37.9,1630
43581.89931,31,37.8,1564.8
43581.90278,31,37.8,1562.4
43581.90625,31,37.8,1557.4
43581.90972,31,37.8,1550.4
43581.91319,31,37.7,1550.6
43581.91667,31,37.7,1557
43581.92014,31,37.5,1541.4
43581.92361,31,37.3,1522.2
43581.92708,31,37.2,1548.8
43581.93056,31,37.2,1633.2
43581.93403,31,37.3,1708.2
43581.9375,31,37.3,1894
43581.94097,31,37.3,1949.4
43581.94444,31,37.3,1793.4
43581.94792,31,37.3,1745
43581.95139,32,37.3,1742.2
43581.95486,32,37.3,1735.6
43581.95833,31,37.3,1846
43581.96181,31,36.8,1996.8
43581.96528,31,36.2,1976.2
43581.96875,31,35.8,2007.4
43581.97222,31,35.4,4057
43581.97569,31,34.9,8440.4
43581.97917,31,34.6,8522.8
43581.98264,31,34.3,8701.6
43581.98611,31,34.1,8776
43581.98958,31,33.9,8876.2
43581.99306,31,33.6,8938.4
43581.99653,31,33.4,8918.6
43582,31,33.2,8976.8
43582.00347,31,33,8925.4
43582.00694,31,32.8,8850.2
43582.01042,31,32.8,8904.6
43582.01389,31,32.6,8716.4
43582.01736,31,32.5,8754
43582.02083,31,32.4,8743.6
43582.02431,31,32.3,8562
43582.02778,31,32.3,8560.6
43582.03125,31,32.2,8596.2
43582.03472,31,32.1,8760.4
43582.03819,31,32,8778.2
43582.04167,31,31.9,8872.4
43582.04514,31,32.1,8821
43582.04861,31,32.9,8828.2
43582.05208,32,33.3,8870
43582.05556,32,33.6,8826
43582.05903,33,33.7,3792.4
43582.0625,34,33.9,1878
43582.06597,34,34,1870.4
43582.06944,34,34.1,1869.8
43582.07292,35,34.1,1871.8
43582.07639,35,34.2,1875
43582.07986,35,34.2,1882.6
43582.08333,36,34.3,1878.2
43582.08681,36,34.3,1873.2
43582.09028,36,34.2,1870.8
43582.09375,36,33.6,1877
43582.09722,35,33,1880.6
43582.10069,35,32.6,1880.4
43582.10417,34,32.4,5869.8
43582.10764,34,32.2,8590.2
43582.11111,34,31.9,8675.6
43582.11458,34,31.7,8762.4
43582.11806,34,31.7,8784.4
43582.12153,34,31.5,8764.4
43582.125,34,31.4,8805.6
43582.12847,34,31.3,8841.8
43582.13194,33,31.1,8804.8
43582.13542,33,30.9,8837.2
43582.13889,33,30.9,8791
43582.14236,33,30.8,8668
43582.14583,33,30.6,8685.2
43582.14931,33,30.5,8755.4
43582.15278,33,30.4,8555.8
43582.15625,33,30.3,8557.8
43582.15972,33,30.2,8586.6
43582.16319,33,30.1,8608.4
43582.16667,34,30.1,8647.8
43582.17014,34,30.1,8703.8
43582.17361,34,30.1,8747
43582.17708,34,30,8709
43582.18056,34,29.9,8745.4
43582.18403,34,29.8,8589
43582.1875,34,29.7,8289
43582.19097,34,29.7,8263.6
43582.19444,34,29.6,8219
43582.19792,34,29.6,8259.4
43582.20139,33,30.1,7916.4
43582.20486,34,30.7,7954.4
43582.20833,34,31.1,8796.2
43582.21181,34,31.3,7359.8
43582.21528,34,31.5,1718.2
43582.21875,35,31.7,1709
43582.22222,35,31.7,1706.6
43582.22569,36,31.7,1697.2
43582.22917,37,31.9,1698.2
43582.23264,37,31.9,1694.4
43582.23611,37,32,1703.4
43582.23958,38,32,1696.2
43582.24306,38,32.1,1840.4
43582.24653,39,32.1,1890.4
43582.25,39,32.1,1878.8
43582.25347,39,32.2,1882.2
43582.25694,39,32.2,1873
43582.26042,40,32.2,1874.8
43582.26389,40,32.2,1869.8
43582.26736,40,32.3,1879.2
43582.27083,40,32.3,1865.2
43582.27431,41,32.3,1854.8
43582.27778,41,32.3,1850.6
43582.28125,41,32.3,1844.8
43582.28472,41,32.4,1844.2
43582.28819,42,32.4,1854.4
43582.29167,42,32.4,1857
43582.29514,42,32.4,2014.4
43582.29861,42,32.5,2110.2
43582.30208,43,32.5,2127.6
43582.30556,43,32.5,2128.8
43582.30903,43,32.5,2115.6
43582.3125,43,32.5,2120.6
43582.31597,43,32.5,2101.6
43582.31944,43,32.5,2080.8
43582.32292,43,32.5,2083.4
43582.32639,43,32.5,2145.4
43582.32986,43,32.5,2153.6
43582.33333,43,32.5,2133.8
43582.33681,43,32.6,2128.4
43582.34028,43,32.6,2127.6
43582.34375,43,32.6,2133
43582.34722,43,32.6,2119.4
43582.35069,43,32.6,2131.8
43582.35417,44,32.6,2175.2
43582.35764,44,32.6,4515
43582.36111,44,32.6,4610.8
43582.36458,44,32.6,4439.8
43582.36806,44,32.7,4337.6
43582.37153,44,32.7,4376
43582.375,44,32.7,4314.2
43582.37847,44,32.7,2859
43582.38194,43,32.7,1696.6
43582.38542,43,32.8,1688.4
43582.38889,43,32.8,1724
43582.39236,43,32.8,1724.6
43582.39583,43,32.8,1715.4
43582.39931,43,32.9,1706.6
43582.40278,42,32.9,1732
43582.40625,42,32.9,1709.4
43582.40972,42,32.9,1715.4
43582.41319,42,33,1719.2
43582.41667,42,33,1744.2
43582.42014,42,33.1,1724.2
43582.42361,42,33.1,1713.2
43582.42708,42,33.2,1712.8
43582.43056,43,33.2,1717
43582.43403,42,33.3,1728.2
43582.4375,43,33.3,1707
43582.44097,43,33.4,1727.2
43582.44444,43,33.4,1721.2
43582.44792,42,33.5,1684.8
43582.45139,42,33.5,1682.8
43582.45486,41,33.6,1683.8
43582.45833,41,33.6,1664.4
43582.46181,41,33.7,1662.2
43582.46528,40,33.8,1681.6
43582.46875,40,33.8,1737.2
43582.47222,40,33.9,1703.6
43582.47569,40,34,1462.6
43582.47917,40,34.1,1433.8
43582.48264,40,34.1,1440.6
43582.48611,39,34.2,1469.2
43582.48958,39,34.3,2946.4
43582.49306,39,34.4,1463.4
43582.49653,38,34.5,1439.4
43582.5,38,34.5,1609.6
43582.50347,38,34.6,1630.2
43582.50694,37,34.7,1649.2
43582.51042,37,34.7,1674.2
43582.51389,37,34.7,1675.4
43582.51736,37,34.8,1674.8
43582.52083,36,34.8,1621.2
43582.52431,36,34.9,1623.6
43582.52778,36,35.1,1726.4
43582.53125,36,35.2,1723
43582.53472,36,35.3,1251.8
43582.53819,36,35.4,5013.8
43582.54167,36,35.4,9309
43582.54514,36,35.5,9643
43582.54861,36,35.6,9844
43582.55208,36,35.7,9461
43582.55556,35,35.8,10165
43582.55903,35,35.9,6081.6
43582.5625,35,35.9,1737.6
43582.56597,35,36,1722.4
43582.56944,35,36.1,1727.2
43582.57292,35,36.2,1714.4
43582.57639,35,36.3,1713.6
43582.57986,35,36.3,1718.6
43582.58333,35,36.4,1696.4
43582.58681,35,36.5,1696.8
43582.59028,35,36.6,1684.4
43582.59375,35,36.6,1689.2
43582.59722,35,36.7,1690.8
43582.60069,35,36.8,1680.6
43582.60417,34,36.9,1668.4
43582.60764,34,37,1662
43582.61111,34,37.1,1653.6
43582.61458,34,37.2,1647
43582.61806,34,37.3,1634.6
43582.62153,34,37.3,1742.8
43582.625,34,37.3,1647
43582.62847,33,37.3,1694
43582.63194,33,37.5,1825.8
43582.63542,33,37.5,1843.4
43582.63889,33,37.6,1836.6
43582.64236,33,37.7,1820
43582.64583,33,37.7,5601
43582.64931,33,37.8,10031
43582.65278,33,37.8,10469.8
43582.65625,33,37.9,10471.6
43582.65972,33,38,10510.6
43582.66319,33,38,10554.4
43582.66667,33,38.1,10616.2
43582.67014,33,38.1,10541.2
43582.67361,33,38.1,10468.2
43582.67708,33,38.2,10622.4
43582.68056,33,38.2,10692.8
43582.68403,32,38.3,10770.2
43582.6875,32,38.3,10684.4
43582.69097,32,38.4,1878.8
43582.69444,32,38.4,1607.2
43582.69792,32,38.5,1583.6
43582.70139,32,38.5,1586.8
43582.70486,31,38.5,1586.6
43582.70833,31,38.5,1589.8
43582.71181,31,38.6,1584.4
43582.71528,31,38.6,1578.8
43582.71875,31,38.6,1573.2
43582.72222,31,38.7,1567.6
43582.72569,31,38.7,1611.8
43582.72917,31,38.7,1510.6
43582.73264,31,38.7,1403.4
43582.73611,31,38.7,1409.8
43582.73958,31,38.7,1402.8
43582.74306,31,38.7,1444.8
43582.74653,30,38.7,1498.6
43582.75,30,38.7,1508
43582.75347,30,38.7,1615.2
43582.75694,30,38.7,1706.2
43582.76042,30,38.7,1718.4
43582.76389,30,38.4,1734.8
43582.76736,29,38.2,1728.4
43582.77083,29,38,1704
43582.77431,29,38,1739.8
43582.77778,30,37.9,1958.8
43582.78125,31,37.9,2146
43582.78472,32,37.8,2137.2
43582.78819,32,37.7,1921.8
43582.79167,33,37.7,1954.2
43582.79514,33,37.8,2040.4
43582.79861,33,38,2042.6
43582.80208,33,38.1,1780.6
43582.80556,33,38.1,1758.6
43582.80903,33,38.1,1533.4
43582.8125,32,38.1,1527.8
43582.81597,32,38.1,1530
43582.81944,32,38.1,1534.8
43582.82292,32,38.1,1540.4
43582.82639,32,38.1,1538.4
43582.82986,32,38,1541.6
43582.83333,32,38,1534.8
43582.83681,32,38,1541.6
43582.84028,32,38,1539
43582.84375,32,37.9,1535.8
43582.84722,32,37.9,1544
43582.85069,32,37.9,1559
43582.85417,32,37.8,1548.6
43582.85764,32,37.8,1544.6
43582.86111,32,37.8,1543.8
43582.86458,32,37.7,1546.6
43582.86806,32,37.7,1540.4
43582.87153,32,37.7,1540.6
43582.875,32,37.7,1537
43582.87847,32,37.6,1535
43582.88194,33,37.6,1497.2
43582.88542,33,37.6,720.6
43582.88889,33,37.5,713.8
43582.89236,33,37.5,714.8
43582.89583,33,37.5,712.4
43582.89931,33,37.4,366
43582.90278,33,37.4,534
43582.90625,33,37.3,1533.4
43582.90972,33,37.3,1545.8
43582.91319,33,37.3,1532
43582.91667,33,37.3,1507
43582.92014,33,37.3,1531
43582.92361,33,37.3,1515
43582.92708,33,37.3,1509
43582.93056,33,37.3,1501.2
43582.93403,33,37.3,1522.4
43582.9375,33,37.2,1525.6
43582.94097,33,37.2,1453.8
43582.94444,33,37.2,1450
43582.94792,33,37.1,1442.4
43582.95139,33,37.1,1512
43582.95486,33,37.1,1521
43582.95833,33,37,1538
43582.96181,33,37,1534.6
43582.96528,34,37,1524.8
43582.96875,34,36.9,1510.6
43582.97222,34,36.9,1513
43582.97569,34,36.9,1520.6
43582.97917,34,36.8,1509.8
43582.98264,34,36.7,1501
43582.98611,34,36.1,1533.2
43582.98958,34,35.4,1928
43582.99306,34,34.8,1952.8
43582.99653,34,34.4,6088.8
43583,33,34,8591
43583.00347,33,33.7,8725.6
43583.00694,32,33.4,8673
43583.01042,32,33.2,8575
43583.01389,32,33,8524.8
43583.01736,31,32.8,8608.2
43583.02083,31,32.6,8747
43583.02431,31,32.5,8612.2
43583.02778,31,32.4,8546.6
43583.03125,32,32.3,8635.6
43583.03472,31,32.2,8679.4
43583.03819,31,32.1,8768.4
43583.04167,31,32,8747.8
43583.04514,31,31.9,8673
43583.04861,32,31.7,8676.2
43583.05208,32,31.7,8738.8
43583.05556,31,31.7,8758.2
43583.05903,32,31.6,8788
43583.0625,32,31.5,8767.8
43583.06597,32,31.4,8693.8
43583.06944,32,31.3,8743
43583.07292,32,31.2,8761.6
43583.07639,32,31.1,8761.8
43583.07986,32,31,8766.2
43583.08333,32,30.9,8704.6
43583.08681,32,30.9,8733.8
43583.09028,32,30.8,8733.8
43583.09375,32,30.7,8710.2
43583.09722,32,30.7,8716.4
43583.10069,32,30.6,8723.6
43583.10417,32,30.5,8728.8
43583.10764,32,30.4,8696
43583.11111,32,30.4,8756
43583.11458,32,30.3,8731
43583.11806,32,30.2,8679
43583.12153,32,30.1,8731.8
43583.125,32,29.9,8710.8
43583.12847,32,29.8,8739.4
43583.13194,32,29.8,8731.4
43583.13542,32,29.8,8596.6
43583.13889,32,29.7,8488.6
43583.14236,32,29.6,8650.6
43583.14583,32,29.5,8706.4
43583.14931,33,29.5,8710.2
43583.15278,33,29.4,8617.8
43583.15625,32,29.6,8530.2
43583.15972,33,30.4,8658.8
43583.16319,33,30.9,8693.6
43583.16667,33,31.3,8747.8
43583.17014,34,31.6,3731.8
43583.17361,34,31.7,1640.6
43583.17708,35,31.7,1673.8
43583.18056,35,31.9,1670.6
43583.18403,36,32,1679.2
43583.1875,36,31.5,1677
43583.19097,35,30.8,1673
43583.19444,35,30.3,1684
43583.19792,34,29.9,2799.4
43583.20139,33,29.7,8382.2
43583.20486,33,29.4,8399.2
43583.20833,33,29.2,8365.6
43583.21181,33,29.1,8367.8
43583.21528,33,28.9,8415
43583.21875,33,28.8,8477.8
43583.22222,33,29.3,8406.8
43583.22569,33,30,8355.4
43583.22917,33,30.4,8312.6
43583.23264,34,30.7,7989
43583.23611,34,31,879.8
43583.23958,35,31.1,883
43583.24306,35,31.2,881.8
43583.24653,36,31.3,854.2
43583.25,36,31.4,349.2
43583.25347,37,31.5,1212
43583.25694,37,31.5,1682.2
43583.26042,38,31.5,1683.2
43583.26389,39,31.6,1688.2
43583.26736,39,31.6,1716.6
43583.27083,40,31.7,1884.4
43583.27431,40,31.7,1877
43583.27778,40,31.7,1868.2
43583.28125,41,31.7,1865
43583.28472,41,31.7,1865.2
43583.28819,41,31.7,1860.6
43583.29167,42,31.7,1856
43583.29514,42,31.7,1849.6
43583.29861,42,31.8,1856.4
43583.30208,43,31.8,1868.4
43583.30556,43,31.9,1866.6
43583.30903,43,31.9,1871
43583.3125,43,31.9,1895.8
43583.31597,43,31.9,1821.4
43583.31944,44,32,1819.2
43583.32292,44,32,1828.8
43583.32639,45,32,1821.6
43583.32986,45,32,1829.8
43583.33333,46,32.1,1858.8
43583.33681,46,32.1,1894.4
43583.34028,48,32.2,1888.8
43583.34375,48,32.2,2722
43583.34722,48,32.2,2528.2
43583.35069,48,32.2,1779.2
43583.35417,48,32.2,1781.4
43583.35764,48,32.3,1900.6
43583.36111,48,32.3,1951.2
43583.36458,48,32.3,2996.2
43583.36806,48,32.3,2492.6
43583.37153,48,32.3,2031.4
43583.375,48,32.3,1809.8
43583.37847,48,32.3,1726.6
43583.38194,48,32.3,2733.6
43583.38542,48,32.4,1819.6
43583.38889,47,32.4,1980.8
43583.39236,47,32.4,1986.6
43583.39583,46,32.4,2021.2
43583.39931,46,32.4,2019.4
43583.40278,46,32.5,2046.8
43583.40625,46,32.5,2016
43583.40972,46,32.5,1762.2
43583.41319,46,32.5,1791.2
43583.41667,45,32.6,1672.8
43583.42014,45,32.6,1495
43583.42361,45,32.6,1582.4
43583.42708,45,32.6,1564.2
43583.43056,45,32.6,1573.4
43583.43403,45,32.6,1568.6
43583.4375,45,32.7,1573.4
43583.44097,44,32.7,1579.4
43583.44444,44,32.7,1572.8
43583.44792,44,32.7,1586.4
43583.45139,44,32.7,1575.4
43583.45486,44,32.8,1557.2
43583.45833,44,32.8,1573.2
43583.46181,44,32.8,1570.6
43583.46528,44,32.8,1566.6
43583.46875,44,32.9,1561.8
43583.47222,44,32.9,1560
43583.47569,43,32.9,1570.2
43583.47917,43,32.9,1560.8
43583.48264,43,33,1559.6
43583.48611,43,33,1560.4
43583.48958,43,33,1562
43583.49306,43,33.1,1559.4
43583.49653,43,33.1,1552.4
43583.5,43,33.1,1549.4
43583.50347,43,33.2,1556.6
43583.50694,43,33.2,1551.4
43583.51042,42,33.2,1551.2
43583.51389,42,33.3,1556.8
43583.51736,42,33.3,1562.2
43583.52083,42,33.4,1560
43583.52431,42,33.4,1561.2
43583.52778,42,33.5,1560.6
43583.53125,42,33.5,1556.6
43583.53472,42,33.6,1561.4
43583.53819,41,33.6,1558.6
43583.54167,41,33.6,1555.2
43583.54167,41,33.6,1555.2
43583.54514,41,33.7,1554.6
43583.54861,41,33.7,1559.8
43583.55208,41,33.8,1564.6
43583.55556,41,33.8,1565
43583.55903,41,33.9,1567.2
43583.5625,41,33.9,1575.8
43583.56597,40,34,1570.8
43583.56944,40,34,1578.4
43583.57292,40,34.1,1582.2
43583.57639,40,34.2,1587.8
43583.57986,40,34.3,1629.2
43583.58333,40,34.4,864.8
43583.58681,40,34.5,674.4
43583.59028,39,34.5,676.6
43583.59375,39,34.6,615.8
43583.59722,39,34.7,174.6
43583.60069,39,34.7,1292.6
43583.60417,39,34.8,1586.6
43583.60764,39,34.9,1578.2
43583.61111,39,35,1560.8
43583.61458,39,35.1,1558.4
43583.61806,39,35.1,1550.2
43583.62153,39,35.2,1548.4
43583.625,39,35.3,1548.4
43583.62847,39,35.4,1548.6
43583.63194,39,35.4,1539.8
43583.63542,39,35.5,1532.2
43583.63889,38,35.6,1543.4
43583.64236,38,35.6,1536.4
43583.64583,38,35.7,1528.8
43583.64931,38,35.8,1531.2
43583.65278,38,35.8,1528.4
43583.65625,38,35.9,1528.8
43583.65972,38,36,1534.4
43583.66319,38,36,1525.4
43583.66667,38,36.1,1520.4
43583.67014,38,36.1,1527.8
43583.67361,38,36.2,1528
43583.67708,38,36.3,1522.4
43583.68056,37,36.3,1539.6
43583.68403,37,36.4,1537
43583.6875,37,36.4,1533.8
43583.69097,37,36.5,1528
43583.69444,37,36.5,1521
43583.69792,37,36.5,1515.6
43583.70139,37,36.6,1519.6
43583.70486,37,36.6,1525.4
43583.70833,37,36.7,1528.2
43583.71181,37,36.7,1531.2
43583.71528,37,36.7,1532.4
43583.71875,37,36.8,1531.6
43583.72222,37,36.8,1537.4
43583.72569,37,36.8,1538.6
43583.72917,37,36.8,1541.4
43583.73264,37,36.9,1538.4
43583.73611,37,36.9,1541
43583.73958,37,36.9,1529.2
43583.74306,37,36.9,1535.4
43583.74653,37,36.9,1531.2
43583.75,37,36.9,1534.4
43583.75347,37,37,1536.4
43583.75694,37,37,1545.8
43583.76042,37,37,1546.4
43583.76389,37,37,1552.8
43583.76736,37,37,1535.4
43583.77083,37,37,1560
43583.77431,37,37,1561.2
43583.77778,37,37,1554.6
43583.78125,37,37,1546.6
43583.78472,37,37,1553.6
43583.78819,37,37,1540.2
43583.79167,37,37,1571.4
43583.79514,36,37,1593.6
43583.79861,36,37,1553.2
43583.80208,37,36.9,1594.6
43583.80556,37,36.9,1729.4
43583.80903,37,36.9,1745
43583.8125,36,36.9,1749.8
43583.81597,36,36.9,1752
43583.81944,36,36.9,1712.6
43583.82292,36,36.9,1701
43583.82639,36,36.9,1752
43583.82986,36,36.9,1745
43583.83333,37,36.9,1716.6
43583.83681,37,36.8,1757.4
43583.84028,37,36.8,1746.8
43583.84375,37,36.8,1756.8
43583.84722,37,36.8,1754.4
43583.85069,36,36.8,1748.8
43583.85417,36,36.8,1748.6
43583.85764,36,36.8,1756.8
43583.86111,36,36.7,1911.4
43583.86458,36,36.7,1977.2
43583.86806,36,36.7,1967.2
43583.87153,36,36.7,1984
43583.875,36,36.7,1973.6
43583.87847,36,36.7,1978.8
43583.88194,36,36.6,1962.8
43583.88542,36,36.6,2020.8
43583.88889,36,36.6,2004.6
43583.89236,36,36.6,1980.6
43583.89583,36,36.6,1978.6
43583.89931,36,36.6,1986.8
43583.90278,36,36.5,1983.6
43583.90625,36,36.5,1920.6
43583.90972,36,36.5,1913.4
43583.91319,36,36.5,1913.2
43583.91667,36,36.5,1918.8
43583.92014,36,36.5,1911.6
43583.92361,36,36.4,1898.8
43583.92708,36,36.4,1882.4
43583.93056,36,36.4,1331.2
43583.93403,36,36.4,1331.2
43583.9375,36,36.4,1327.6
43583.94097,36,36.3,1329.8
43583.94444,36,36.3,1107.4
43583.94792,36,36.3,816.2
43583.95139,37,36.3,1943.2
43583.95486,37,36.3,1941.6
43583.95833,37,36.2,1924.6
43583.96181,37,36.2,1909
43583.96528,37,36.2,1893.2
43583.96875,37,36.2,1883.4
43583.97222,37,36.2,1867.6
43583.97569,37,36.1,1854.4
43583.97917,37,36.1,1855
43583.98264,37,36.1,1866.8
43583.98611,37,36.1,1862.4
43583.98958,37,36,1868.2
43583.99306,37,35.9,1864.2
43583.99653,37,35.2,1779.4
43584,36,34.7,1708.8
43584.00347,36,34.2,1747.2
43584.00694,36,33.8,5940.8
43584.01042,35,33.5,8590.6
43584.01389,35,33.2,8829.4
43584.01736,34,33,8755.6
43584.02083,34,32.7,8741.2
43584.02431,34,32.5,8759
43584.02778,34,32.3,8755.6
43584.03125,33,32.1,8606
43584.03472,34,32.1,8661
43584.03819,34,31.9,8651
43584.04167,34,31.7,8598
43584.04514,33,31.7,8771.8
43584.04861,34,31.6,8802.8
43584.05208,34,31.6,8626.8
43584.05556,34,31.4,8690.2
43584.05903,34,31.3,8751.2
43584.0625,34,31.3,8746.4
43584.06597,34,31.2,8746
43584.06944,34,31.1,8678
43584.07292,34,31,8734.6
43584.07639,34,30.9,8757.6
43584.07986,34,30.8,8779.8
43584.08333,34,30.6,8774.4
43584.08681,35,30.6,8678
43584.09028,35,30.6,8561.6
43584.09375,35,30.5,8531.4
43584.09722,35,30.3,8648.6
43584.10069,35,30.3,8741.8
43584.10417,35,30.1,8660
43584.10764,35,30.1,8574.2
43584.11111,35,30,8561.2
43584.11458,35,30,8567.6
43584.11806,35,29.9,8484.4
43584.12153,36,29.9,8552.2
43584.125,36,29.9,8571.8
43584.12847,36,29.8,8633.2
43584.13194,36,29.8,8691.6
43584.13542,36,29.8,8730.8
43584.13889,36,29.7,8724.2
43584.14236,36,29.7,8754.6
43584.14583,36,29.7,8761.8
43584.14931,36,29.6,8751.2
43584.15278,37,29.5,8751.4
43584.15625,36,29.5,8786.8
43584.15972,36,29.4,8793.4
43584.16319,37,29.3,8783.4
43584.16667,37,29.3,8772.4
43584.17014,37,29.2,8824
43584.17361,37,29.2,8786.2
43584.17708,37,29.1,8788
43584.18056,37,29.1,8810.8
43584.18403,37,29,8836.4
43584.1875,36,28.9,8797.6
43584.19097,36,28.8,8800.2
43584.19444,36,28.6,8745.6
43584.19792,36,28.6,8572
43584.20139,36,28.5,8577.2
43584.20486,36,28.4,8591.8
43584.20833,37,28.4,8618.4
43584.21181,37,29,8615.2
43584.21528,37,29.7,8647
43584.21875,38,30.1,8592.2
43584.22222,39,30.3,7861.8
43584.22569,39,30.5,1677
43584.22917,40,30.7,1667.6
43584.23264,40,30.8,1666
43584.23611,41,30.9,1667
43584.23958,42,30.9,1659.4
43584.24306,42,31,1657.6
43584.24653,43,31.1,1652.8
43584.25,43,31.1,1660
43584.25347,44,31.1,1655.6
43584.25694,44,31.2,1655.4
43584.26042,45,31.2,1649.2
43584.26389,45,31.3,1650.4
43584.26736,45,31.3,1826
43584.27083,46,31.3,1843.8
43584.27431,46,31.4,1842
43584.27778,47,31.4,1611.4
43584.28125,47,31.4,1243
43584.28472,47,31.5,1237.6
43584.28819,48,31.5,1240.4
43584.29167,48,31.5,1342.6
43584.29514,48,31.5,813.6
43584.29861,48,31.6,1130.6
43584.30208,48,31.6,1885
43584.30556,49,31.6,1898.2
43584.30903,49,31.6,1894.2
43584.3125,49,31.6,1869.6
43584.31597,49,31.7,1817.6
43584.31944,49,31.7,2205.8
43584.32292,49,31.7,2152
43584.32639,50,31.7,1812.6
43584.32986,50,31.7,1853.8
43584.33333,50,31.7,1846
43584.33681,50,31.7,1843.2
43584.34028,50,31.7,1868.6
43584.34375,50,31.7,1868.2
43584.34722,50,31.7,1872.4
43584.35069,50,31.8,1855.4
43584.35417,51,31.8,1865.8
43584.35764,50,31.9,1731.4
43584.36111,50,31.9,1708.6
43584.36458,50,31.9,1726.6
43584.36806,50,32,1734.2
43584.37153,50,32,1656.6
43584.375,50,32,1631.8
43584.37847,50,32,3783
43584.38194,50,32.1,4301.6
43584.38542,49,32.1,4326.4
43584.38889,49,32.2,4348.4
43584.39236,48,32.2,4290.6
43584.39583,48,32.2,2304.6
43584.39931,48,32.3,1726.4
43584.40278,47,32.3,1713
43584.40625,47,32.4,1708.8
43584.40972,46,32.4,1711.6
43584.41319,46,32.5,1890.6
43584.41667,46,32.5,1936.8
43584.42014,46,32.5,1868.8
43584.42361,45,32.6,2008.4
43584.42708,45,32.6,2723.8
43584.43056,45,32.7,2819.8
43584.43403,46,32.7,2141.4
43584.4375,45,32.8,2427
43584.44097,45,32.8,2252
43584.44444,45,32.9,2395.2
43584.44792,45,32.9,2477.2
43584.45139,45,33,1632.8
43584.45486,44,33.1,1637.4
43584.45833,44,33.1,1636
43584.46181,44,33.2,1614.6
43584.46528,44,33.2,1601.2
43584.46875,43,33.3,1596.4
43584.47222,43,33.4,1618
43584.47569,43,33.5,1598
43584.47917,42,33.6,1612.4
43584.48264,42,33.6,1611.4
43584.48611,41,33.7,1602.8
43584.48958,41,33.8,1634.4
43584.49306,41,33.9,1645.6
43584.49653,40,33.9,1653.8
43584.5,40,34,1624
43584.50347,40,34,1641.8
43584.50694,40,34.1,1643.2
43584.51042,40,34.2,1638.8
43584.51389,39,34.3,1612.8
43584.51736,39,34.5,1610
43584.52083,39,34.6,1620.2
43584.52431,38,34.7,1659
43584.52778,38,34.8,1505.4
43584.53125,38,34.9,1511.6
43584.53472,38,34.9,1507.2
43584.53819,38,35,1494.6
43584.54167,38,35.1,1443.8
43584.54514,38,35.2,1433.4
43584.54861,38,35.3,1441.6
43584.55208,38,35.4,1450.6
43584.55556,38,35.4,1452
43584.55903,38,35.6,1640.6
43584.5625,37,35.7,1679.6
43584.56597,37,35.7,1672.4
43584.56944,37,35.8,1671
43584.57292,36,35.9,3691.8
43584.57639,36,36,9750.8
43584.57986,35,36.1,10417.2
43584.58333,35,36.2,10477.4
43584.58681,35,36.3,10536.2
43584.59028,34,36.4,10493.6
43584.59375,34,36.5,10543.4
43584.59722,34,36.5,10504.8
43584.60069,34,36.6,5914.2
43584.60417,34,36.7,1531.6
43584.60764,34,36.8,1528.4
43584.61111,34,36.9,1523.6
43584.61458,34,37,1590
43584.61806,34,37.1,1515
43584.62153,34,37.1,1477.6
43584.625,34,37.3,1643.4
43584.62847,34,37.3,1411.4
43584.63194,34,37.3,1324
43584.63542,33,37.4,1132.2
43584.63889,33,37.5,951.8
43584.64236,33,37.3,742.2
43584.64583,34,37.2,472.2
43584.64931,34,37.1,1595
43584.65278,34,37.2,1685.6
43584.65625,34,37.2,1871.4
43584.65972,35,37.3,1851.2
43584.66319,35,37.3,1825.2
43584.66667,35,37.3,1813.6
43584.67014,35,37.3,1809.4
43584.67361,35,37.3,1815
43584.67708,35,37.4,1805.4
43584.68056,35,37.4,1797.2
43584.68403,35,37.5,1816.2
43584.6875,35,37.5,5253.2
43584.69097,35,37.5,10413.8
43584.69444,35,37.6,10885.8
43584.69792,35,37.6,10955.6
43584.70139,35,37.6,11007.2
43584.70486,35,37.6,10990.8
43584.70833,35,37.7,2130
43584.71181,34,37.7,1840.2
43584.71528,34,37.7,1839
43584.71875,34,37.8,1820
43584.72222,34,38,1628.4
43584.72569,34,38.2,1626.2
43584.72917,34,38.2,1633.8
43584.73264,34,38.3,1681.2
43584.73611,34,38.3,1586.4
43584.73958,34,38.3,1547
43584.74306,33,38.4,1543.4
43584.74653,33,38.4,1545.8
43584.75,33,38.4,1544
43584.75347,33,38.4,1545
43584.75694,32,38.4,1569
43584.76042,32,38.4,1787.8
43584.76389,32,38.4,1785.2
43584.76736,32,38.4,1792
43584.77083,32,38.4,1783.6
43584.77431,32,38.4,1638.6
43584.77778,32,38.4,1535.6
43584.78125,32,38.4,1529.4
43584.78472,32,38.4,1524.6
43584.78819,32,38.4,1556.2
43584.79167,32,38.4,1559.4
43584.79514,33,38.1,1578
43584.79861,33,37.9,2459
43584.80208,33,37.9,1724.6
43584.80556,33,38,1725
43584.80903,33,38.1,2144.2
43584.8125,33,38.2,2154.8
43584.81597,33,38.2,1822.4
43584.81944,33,38.2,1829
43584.82292,33,38.2,1807.2
43584.82639,33,38.2,1803.6
43584.82986,33,38.2,1803.6
43584.83333,33,38.2,1799.8
43584.83681,33,38.1,1802.2
43584.84028,33,38.1,1846.8
43584.84375,34,38.1,2048.8
43584.84722,34,38.1,2069.2
43584.85069,34,38.1,1814.2
43584.85417,34,38.1,1708.8
43584.85764,34,38,1764.6
43584.86111,34,38,1760.4
43584.86458,34,38,1753.2
43584.86806,34,38,1749.4
43584.87153,34,38,1757.8
43584.875,34,37.9,1758.6
43584.87847,35,37.9,1801.2
43584.88194,35,37.9,1889.6
43584.88542,35,37.9,1813.4
43584.88889,34,37.8,1824.4
43584.89236,35,37.5,1837
43584.89583,35,37.5,1819.8
43584.89931,36,37.6,1804
43584.90278,36,37.6,1848.6
43584.90625,36,37.6,2053.6
43584.90972,36,37.6,1778
43584.91319,35,37.6,1754.8
43584.91667,35,37.6,1776.8
43584.92014,35,37.6,1818.8
43584.92361,35,37.5,1795.8
43584.92708,35,37.5,1817
43584.93056,35,37.5,1801.2
43584.93403,35,37.5,1862.8
43584.9375,35,37.5,1822.4
43584.94097,35,37.4,1664.8
43584.94444,36,37.4,1661.2
43584.94792,36,37.4,1625.8
43584.95139,36,37.3,1607
43584.95486,36,37.3,1592.2
43584.95833,36,37.3,1557.8
43584.96181,36,37.3,1804
43584.96528,36,37.3,1812.2
43584.96875,36,37.3,1779.2
43584.97222,36,37.3,1815.2
43584.97569,36,37.3,1642.2
43584.97917,36,36.6,1425.8
43584.98264,36,36,1532
43584.98611,37,35.8,1586.8
43584.98958,36,35.2,1656.8
43584.99306,36,34.9,8354.2
43584.99653,36,34.6,8307.6
43585,36,34.4,8654
43585.00347,35,34.2,9232.8
43585.00694,35,34,9478.4
43585.01042,35,33.9,9491.4
43585.01389,35,33.8,9495.2
43585.01736,35,33.6,9482.2
43585.02083,34,33.5,9466
43585.02431,34,33.3,9472
43585.02778,34,33.1,9540.2
43585.03125,34,33,9535.4
43585.03472,34,32.8,9492.6
43585.03819,34,32.7,9527.6
43585.04167,34,32.6,9555.8
43585.04514,34,32.5,9669
43585.04861,34,32.2,9668.2
43585.05208,34,32.1,9590.6
43585.05556,34,32,9579.4
43585.05903,34,32,9471.6
43585.0625,34,31.9,9425.8
43585.06597,34,31.8,9540.6
43585.06944,34,31.7,9669.2
43585.07292,34,31.7,9666.2
43585.07639,34,31.7,9609
43585.07986,34,31.6,9351.8
43585.08333,34,31.5,8682.4
43585.08681,34,31.4,8706
43585.09028,34,31.3,8705.6
43585.09375,34,31.2,8735.4
43585.09722,35,31.2,8738.6
43585.10069,34,31.1,8756.6
43585.10417,34,31.1,8701.2
43585.10764,34,31,8724.6
43585.11111,35,30.9,8761.4
43585.11458,35,30.8,8808.8
43585.11806,35,30.7,8744.4
43585.12153,35,30.7,8684.6
43585.125,35,30.6,8708.6
43585.12847,35,30.5,8708.6
43585.13194,35,30.4,8689.8
43585.13542,35,30.4,8738.6
43585.13889,35,30.3,8693.6
43585.14236,35,30.2,8692.8
43585.14583,35,30.7,8663.2
43585.14931,35,31.4,8621.4
43585.15278,35,31.7,8645.4
43585.15625,35,32.1,8688.2
43585.15972,37,32.3,2109.2
43585.16319,38,32.3,1681
43585.16667,39,32.5,1678.8
43585.17014,39,32.5,1675.6
43585.17361,40,32.6,1849.6
43585.17708,40,32.7,1903.2
43585.18056,41,32.7,1900.2
43585.18403,41,32.8,1905.4
43585.1875,41,32.8,1909.4
43585.19097,41,32.9,1908.8
43585.19444,42,32.9,1912.4
43585.19792,42,32.9,1908.8
43585.20139,42,33,1912.2
43585.20486,42,33,1911.4
43585.20833,42,33,1913.2
43585.21181,42,33,1912.4
43585.21528,42,33,1912.4
43585.21875,43,33,1911
43585.22222,43,33.1,1922.2
43585.22569,42,32.6,1918.8
43585.22917,40,32,1917
43585.23264,39,31.6,1929
43585.23611,38,31.2,2386.6
43585.23958,37,30.9,8310.4
43585.24306,37,30.7,8514.6
43585.24653,36,30.5,8544.2
43585.25,36,30.3,8534.2
43585.25347,36,30.8,8530.4
43585.25694,36,31.4,8508.2
43585.26042,37,31.7,8543.6
43585.26389,37,31.8,7634.4
43585.26736,38,32,1661.4
43585.27083,38,32.1,1657.8
43585.27431,39,32.2,1735.4
43585.27778,40,32.3,1747
43585.28125,40,32.3,1742.6
43585.28472,41,32.3,1670
43585.28819,41,32.4,1617.4
43585.29167,42,32.5,1613
43585.29514,43,32.5,1608.8
43585.29861,43,32.5,1612.2
43585.30208,43,32.5,1611
43585.30556,44,32.5,1666.6
43585.30903,44,32.5,1859.4
43585.3125,44,32.5,1927.4
43585.31597,45,32.6,1954.6
43585.31944,45,32.6,1974
43585.32292,45,32.6,1958.2
43585.32639,45,32.6,1961.4
43585.32986,46,32.6,1519
43585.33333,46,32.6,1341
43585.33681,46,32.6,1237.6
43585.34028,46,32.7,1255.2
43585.34375,47,32.7,1252.8
43585.34722,47,32.7,780
43585.35069,47,32.7,1214.4
43585.35417,48,32.8,1785.4
43585.35764,48,32.8,1799
43585.36111,48,32.8,1796.4
43585.36458,49,32.8,1806.6
43585.36806,49,32.9,1755
43585.37153,49,32.9,1734.2
43585.375,49,32.9,1731.4
43585.37847,49,32.9,1749
43585.38194,49,32.9,1673.4
43585.38542,49,33,1684.6
43585.38889,49,33,1738
43585.39236,50,33.1,1817.6
43585.39583,50,33.1,3572.2
43585.39931,50,33.1,4240.6
43585.40278,50,33.2,2737.2
43585.40625,50,33.2,1714.6
43585.40972,51,33.3,1660.6
43585.41319,51,33.3,1733.4
43585.41667,50,33.4,1748
43585.42014,50,33.4,1740.6
43585.42361,50,33.4,1786.4
43585.42708,50,33.5,1730.6
43585.43056,49,33.6,1685.4
43585.43403,49,33.6,1669.8
43585.4375,49,33.7,1681.6
43585.44097,48,33.7,1677.2
43585.44444,48,33.8,1907
43585.44792,47,33.9,1763.2
43585.45139,47,33.9,1723.6
43585.45486,46,34,1711.8
43585.45833,46,34.1,1533.4
43585.46181,46,34.2,1555.6
43585.46528,45,34.3,1566
43585.46875,45,34.4,1556.2
43585.47222,45,34.4,1567.6
43585.47569,45,34.5,1553
43585.47917,45,34.5,1558.4
43585.48264,45,34.6,1549.8
43585.48611,45,34.7,1550.4
43585.48958,45,34.8,1553.8
43585.49306,45,34.8,1562.4
43585.49653,44,34.9,1798.6
43585.5,45,35,9049.4
43585.50347,45,34.9,9963.2
43585.50694,45,35,10249.6
43585.51042,45,35.1,11529.6
43585.51389,45,35.1,10483.2
43585.51736,45,35.2,10608.6
43585.52083,45,35.3,10358.2
43585.52431,44,35.4,10283.6
43585.52778,44,35.4,10180.8
43585.53125,44,35.5,10465.4
43585.53472,44,35.5,10261.6
43585.53819,44,35.6,10204.2
43585.54167,44,35.7,10255.4
43585.54514,43,35.7,10293.6
43585.54861,43,35.8,5079.2
43585.55208,43,35.8,10425.4
43585.55556,43,35.9,10427.6
43585.55903,43,36,10447.6
43585.5625,42,36,10642.4
43585.56597,42,36.1,10631.8
43585.56944,42,36.2,10382.6
43585.57292,41,36.2,10258.8
43585.57639,41,36.3,10307.6
43585.57986,41,36.4,10539
43585.58333,41,36.4,7285.4
43585.58681,40,36.5,1539.8
43585.59028,40,36.6,1528
43585.59375,40,36.7,1523.8
43585.59722,39,36.7,1514.6
43585.60069,39,36.8,1516.2
43585.60417,39,36.9,1596.8
43585.60764,39,36.9,1654.6
43585.61111,39,37,1406.2
43585.61458,39,37.1,1385.4
43585.61806,39,37.2,1387
43585.62153,38,37.3,1447
43585.625,38,37.3,1408.8
43585.62847,38,37.3,1363
43585.63194,38,37.3,1361
43585.63542,38,37.4,1383.8
43585.63889,38,37.3,1403.4
43585.64236,38,37,1377
43585.64583,38,36.9,1343.6
43585.64931,38,37,1349.6
43585.65278,38,37,1469.2
43585.65625,37,37.1,1586
43585.65972,37,37.1,1591
43585.66319,37,37.2,1586.2
43585.66667,37,37.2,1607.2
43585.67014,37,37.3,1587.6
43585.67361,37,37.3,1579.8
43585.67708,37,37.3,1588.2
43585.68056,36,37.3,1166
43585.68403,36,37.3,1120.2
43585.6875,36,37.3,1126.4
43585.69097,36,37.3,1129.8
43585.69444,36,37.3,1127.6
43585.69792,36,37.3,1130
43585.70139,36,37.3,1103
43585.70486,36,37.3,629
43585.70833,36,37.3,1207.4
43585.71181,36,37.4,1664.2
43585.71528,36,37.6,1680.6
43585.71875,36,37.7,1686.2
43585.72222,36,37.8,1679.2
43585.72569,36,37.9,1584.8
43585.72917,36,37.9,1456
43585.73264,36,38,1495.8
43585.73611,36,38,1759.8
43585.73958,36,38,7017.2
43585.74306,36,38.1,5843.6
43585.74653,36,38.1,1822
43585.75,36,38.1,2062.8
43585.75347,36,38.1,2084.8
43585.75694,36,38.1,2023.2
43585.76042,36,38.1,1989.2
43585.76389,36,38.1,2002.4
43585.76736,36,38.1,1995.8
43585.77083,36,38.1,2010.4
43585.77431,36,38.1,2003.8
43585.77778,36,38.1,1955
43585.78125,36,38.1,1875.8
43585.78472,36,38,1828
43585.78819,36,38,1841
43585.79167,36,38,1833.2
43585.79514,36,38,1807
43585.79861,36,38,1805
43585.80208,36,38,1849.2
43585.80556,36,37.9,1853.2
43585.80903,36,37.9,1850
43585.8125,36,37.9,1831.4
43585.81597,36,37.9,1810
43585.81944,36,37.9,1750
43585.82292,36,37.8,1727.4
43585.82639,36,37.8,1731.2
43585.82986,36,37.7,1842.2
43585.83333,36,37.5,1979.6
43585.83681,36,37.5,1968.6
43585.84028,36,37.5,1964.6
43585.84375,36,37.5,1903.8
43585.84722,36,37.5,1932
43585.85069,36,37.5,1984.2
43585.85417,36,37.5,1987.6
43585.85764,36,37.5,1987.4
43585.86111,36,37.4,1984.4
43585.86458,36,37.3,1932.6
43585.86806,36,37.1,1799.8
43585.87153,36,36.9,1738.6
43585.875,36,36.8,1757.2
43585.87847,36,36.7,1743.4
43585.88194,36,36.7,1760.4
43585.88542,36,36.6,1743.2
43585.88889,36,36.6,1752.4
43585.89236,36,36.6,1750.4
43585.89583,36,36.5,1747
43585.89931,36,36.5,1721.6
43585.90278,36,36.5,2369.6
43585.90625,36,36.4,4273.8
43585.90972,37,36.4,4299.4
43585.91319,37,36.4,4273.2
43585.91667,37,36.4,4280.4
43585.92014,37,36.4,1833.8
43585.92361,37,36.4,1806.4
43585.92708,38,36.3,1860.2
43585.93056,39,36.3,1828.2
43585.93403,39,36.3,1779.4
43585.9375,39,36.3,1783
43585.94097,38,35.8,1777
43585.94444,37,35.2,1730.8
43585.94792,37,34.8,1851.2
43585.95139,36,34.6,3535
43585.95486,36,34.2,8209.4
43585.95833,35,33.8,8572.6
43585.96181,35,33.6,8712.8
43585.96528,35,33.3,8867.2
43585.96875,34,33.2,8926.6
43585.97222,35,33.2,8764.2
43585.97569,35,33.1,8817.2
43585.97917,35,32.9,8847.4
43585.98264,35,32.8,8825.2
43585.98611,35,32.6,8813
43585.98958,35,32.6,8800.4
43585.99306,35,32.4,8688.8
43585.99653,35,32.3,8728
43586,35,32.1,8797.8
43586.00347,34,32,8663.2
43586.00694,34,31.9,8705.2
43586.01042,34,31.7,8635.4
43586.01389,34,31.6,8679.8
43586.01736,34,31.5,8643.4
43586.02083,34,31.4,8617.4
43586.02431,34,31.3,8526
43586.02778,34,31.2,8579.4
43586.03125,33,31,8494.8
43586.03472,33,31.3,8591.8
43586.03819,34,32.1,8151.8
43586.04167,34,32.6,8083.4
43586.04514,35,32.9,8173.8
43586.04861,35,33.1,3159.4
43586.05208,36,33.3,906.8
43586.05556,36,33.4,906.8
43586.05903,37,33.5,517.6
43586.0625,37,33.6,866.6
43586.06597,37,33.7,1687
43586.06944,38,33.4,1687.2
43586.07292,37,32.6,1689.4
43586.07639,36,32.1,1704.4
43586.07986,35,31.7,1695
43586.08333,35,31.4,5871.2
43586.08681,35,31.2,8561.4
43586.09028,34,31,8516.2
43586.09375,34,30.8,8593.4
43586.09722,34,30.6,8603.6
43586.10069,34,30.5,8501.8
43586.10417,34,30.4,8547
43586.10764,34,30.3,8647.4
43586.11111,34,30.2,8560.8
43586.11458,34,30.1,8674.8
43586.11806,34,30,8548.2
43586.12153,34,29.9,8584
43586.125,34,29.8,8582.6
43586.12847,34,29.7,8514.2
43586.13194,34,29.6,8563.8
43586.13542,34,29.5,8524
43586.13889,34,30.2,8629
43586.14236,34,30.8,8555
43586.14583,34,31.2,8538.2
43586.14931,34,31.5,8195.2
43586.15278,35,31.7,1715
43586.15625,35,31.8,1717.6
43586.15972,35,32,1731.6
43586.16319,36,31.5,1745.4
43586.16667,36,30.9,1736.4
43586.17014,36,30.5,1740.8
43586.17361,35,30.2,2081
43586.17708,35,30,8567.6
43586.18056,35,29.8,8631
43586.18403,35,29.7,8633.6
43586.1875,35,29.5,8716
43586.19097,35,29.4,8754.6
43586.19444,35,29.3,8674.2
43586.19792,35,29.2,8720.4
43586.20139,35,29.1,8649.6
43586.20486,35,28.9,8655.4
43586.20833,36,28.9,8579.4
43586.21181,35,29.4,8631.2
43586.21528,36,30.1,8641
43586.21875,36,30.5,8601.6
43586.22222,37,30.7,8465.6
43586.22569,37,30.9,1745.2
43586.22917,38,31.1,1741
43586.23264,38,31.2,1750
43586.23611,39,31.2,1741.6
43586.23958,40,31.3,1749.8
43586.24306,40,31.4,1752.4
43586.24653,41,31.4,1742.2
43586.25,41,31.5,1720.6
43586.25347,42,31.6,1722.8
43586.25694,43,31.6,1726
43586.26042,43,31.6,1725.4
43586.26389,43,31.7,1716
43586.26736,44,31.7,1928
43586.27083,44,31.7,1947.2
43586.27431,45,31.7,1940
43586.27778,45,31.7,1943.2
43586.28125,45,31.7,1927.6
43586.28472,46,31.7,1932
43586.28819,46,31.8,1940
43586.29167,46,31.9,1937.8
43586.29514,47,31.9,1945.8
43586.29861,47,32,1938.8
43586.30208,48,32,1938.4
43586.30556,48,32,1936
43586.30903,48,32,1951.6
43586.3125,48,32,1957.8
43586.31597,49,32,1923
43586.31944,49,32.1,1891.4
43586.32292,49,32.1,1905.2
43586.32639,49,32.1,1883
43586.32986,49,32.1,1879
43586.33333,49,32.1,1868.8
43586.33681,49,32.2,1858
43586.34028,49,32.2,1890.4
43586.34375,49,32.2,1947.8
43586.34722,49,32.2,1946.4
43586.35069,49,32.2,1932.6
43586.35417,49,32.2,1904.8
43586.35764,49,32.3,1879.8
43586.36111,49,32.3,1899.2
43586.36458,49,32.3,1898.2
43586.36806,49,32.3,1896
43586.37153,49,32.4,1899.4
43586.375,48,32.4,1909
43586.37847,48,32.4,1916
43586.38194,48,32.4,1854.4
43586.38542,48,32.4,1726.2
43586.38889,48,32.5,1722.2
43586.39236,48,32.5,1186.2
43586.39583,48,32.5,1377.8
43586.39931,48,32.6,3563
43586.40278,47,32.6,3587.6
43586.40625,48,32.6,2934.4
43586.40972,48,32.6,1067
43586.41319,48,32.7,1059.6
43586.41667,47,32.7,655.4
43586.42014,47,32.7,946.6
43586.42361,46,32.8,1778.2
43586.42708,46,32.8,1778.4
43586.43056,45,32.8,1782
43586.43403,45,32.8,1781.2
43586.4375,44,32.9,1771
43586.44097,44,32.9,1766.4
43586.44444,43,32.9,1754.4
43586.44792,43,33,1681
43586.45139,42,33,1684.6
43586.45486,42,33,1666
43586.45833,41,33.1,1666.2
43586.46181,40,33.1,1686.4
43586.46528,40,33.2,1688.2
43586.46875,39,33.2,1692.6
43586.47222,39,33.3,1685
43586.47569,39,33.3,1674.2
43586.47917,39,33.4,1672.6
43586.48264,38,33.5,1692.6
43586.48611,38,33.6,1694.2
43586.48958,38,33.6,1555.4
43586.49306,38,33.7,1566.6
43586.49653,38,33.7,1568
43586.5,37,33.8,1571.2
43586.50347,37,33.9,1558
43586.50694,37,33.9,1580.2
43586.51042,36,34,1577.8
43586.51389,36,34,4098.2
43586.51736,36,34.1,9326
43586.52083,37,34.2,9670.4
43586.52431,37,34.3,9893
43586.52778,37,34.4,10073.2
43586.53125,36,34.4,9933.4
43586.53472,36,34.5,9841.4
43586.53819,36,34.5,9971.4
43586.54167,36,34.6,9882.2
43586.54167,36,34.7,9882.2
43586.54514,36,34.7,9848.8
43586.54861,35,34.8,9943.6
43586.55208,35,34.9,10057.2
43586.55556,35,35,5605.2
43586.55903,34,35.1,1568.6
43586.5625,34,35.1,1574.8
43586.56597,33,35.2,1580.8
43586.56944,33,35.3,10960
43586.57292,33,35.4,11058.4
43586.57639,33,35.4,11140.2
43586.57986,33,35.5,10889.4
43586.58333,32,35.6,11094.6
43586.58681,32,35.7,11204.8
43586.59028,32,35.8,11205.4
43586.59375,32,35.9,11107.8
43586.59722,32,35.9,11044.8
43586.60069,32,36,2588
43586.60417,32,36.1,1571.2
43586.60764,32,36.2,1575.6
43586.61111,32,36.3,1571
43586.61458,31,36.2,1577.8
43586.61806,31,35.7,1562.2
43586.62153,30,35.3,1476.2
43586.625,30,35.1,1473.2
43586.62847,30,34.9,4513.8
43586.63194,30,34.3,8376.2
43586.63542,30,33.9,8692
43586.63889,30,33.9,7411.4
43586.64236,30,34.1,5912.4
43586.64583,31,34.2,8839.2
43586.64931,30,34.2,8948.6
43586.65278,30,34.4,9117.6
43586.65625,30,35,9070.2
43586.65972,30,35.3,8939.2
43586.66319,31,35.4,8792.2
43586.66667,31,35.7,5985.8
43586.67014,31,35.7,1681.4
43586.67361,31,35.8,1816
43586.67708,31,35.9,1748.2
43586.68056,31,35.9,1625.4
43586.68403,31,36,1883.2
43586.6875,32,36.2,1883
43586.69097,31,36.4,1885.6
43586.69444,31,36.5,1879
43586.69792,31,36.6,1877.6
43586.70139,31,36.4,1734.2
43586.70486,32,36.4,1699.4
43586.70833,32,36.4,1677.4
43586.71181,32,36.4,1711.8
43586.71528,32,36.4,1897.8
43586.71875,32,36.4,1896.4
43586.72222,32,36.4,1887.2
43586.72569,32,36.4,1907
43586.72917,32,36.5,1888
43586.73264,32,36.7,1875.8
43586.73611,32,36.7,1869.2
43586.73958,32,36.8,1873.8
43586.74306,32,36.8,1683
43586.74653,32,36.9,1564.4
43586.75,32,36.9,4848.2
43586.75347,32,36.9,1444.6
43586.75694,32,36.9,1204.8
43586.76042,32,36.9,943
43586.76389,32,36.9,875.6
43586.76736,32,36.9,431.4
43586.77083,32,36.9,1157.4
43586.77431,32,36.9,1514.2
43586.77778,32,36.9,1514.6
43586.78125,32,36.9,1526
43586.78472,33,36.9,1518.4
43586.78819,33,36.9,1511
43586.79167,33,36.9,1497.6
43586.79514,33,36.9,1492
43586.79861,33,36.9,1481
43586.80208,33,36.8,1501.6
43586.80556,33,36.8,1494.4
43586.80903,33,36.8,1540.4
43586.8125,34,36.8,1591.2
43586.81597,34,36.8,1601.8
43586.81944,34,36.5,1613.2
43586.82292,35,36.3,1609.4
43586.82639,35,36.4,1603
43586.82986,35,36.3,1542
43586.83333,35,36.4,1759.4
43586.83681,35,36.4,2293.2
43586.84028,35,36.2,1628
43586.84375,35,36.2,1694
43586.84722,36,36.1,1780.8
43586.85069,36,36.2,1946.8
43586.85417,36,36.3,2070.8
43586.85764,36,36.3,5068.8
43586.86111,36,36.4,4254.4
43586.86458,36,36.4,2716.8
43586.86806,36,36.4,3935.8
43586.87153,36,36.4,2151.2
43586.875,36,36.4,5145.8
43586.87847,36,36.3,9040.2
43586.88194,36,36.3,9647.4
43586.88542,36,36.3,9804.6
43586.88889,36,36.3,9878.2
43586.89236,36,36.3,9908.8
43586.89583,36,36.2,9910.6
43586.89931,36,36.2,9798.2
43586.90278,36,36.2,9823.2
43586.90625,35,36.2,9877.2
43586.90972,35,36.1,9898
43586.91319,35,36.1,10177.6
43586.91667,35,36.1,8185.8
43586.92014,35,36.1,1613.6
43586.92361,35,36.1,1595.6
43586.92708,35,36.1,1614
43586.93056,35,36,1612.2
43586.93403,35,35.8,1613.8
43586.9375,35,35.7,1594.4
43586.94097,36,35.6,1632.4
43586.94444,37,35.6,1665.2
43586.94792,37,35.5,1915
43586.95139,37,35.4,1904.2
43586.95486,37,34.8,1884.2
43586.95833,36,34.5,1926.8
43586.96181,35,34.1,1900
43586.96528,35,33.7,6433.8
43586.96875,35,33.4,8200.2
43586.97222,34,33.2,8529.2
43586.97569,34,33.1,8617.6
43586.97917,34,32.9,8674.6
43586.98264,33,32.5,8465.4
43586.98611,33,32.3,8335.6
43586.98958,32,32.1,8490.8
43586.99306,32,31.9,8387.8
43586.99653,33,31.8,8302.6
43587,33,31.7,8505.2
43587.00347,32,31.6,8573.4
43587.00694,32,31.4,8617.8
43587.01042,32,31.3,8781.8
43587.01389,32,31.2,8737
43587.01736,32,31.1,8785.4
43587.02083,32,30.9,8624.6
43587.02431,32,30.8,8553.8
43587.02778,32,30.7,8694.4
43587.03125,32,30.5,8568.6
43587.03472,32,30.5,8606.2
43587.03819,32,30.4,8557.8
43587.04167,32,30.3,8533.8
43587.04514,32,30.3,8509.4
43587.04861,32,30.2,8526.8
43587.05208,32,30.1,8503
43587.05556,32,30,8501.8
43587.05903,33,30,8449.2
43587.0625,33,29.9,8265.8
43587.06597,33,29.8,8470.8
43587.06944,33,29.8,8481.6
43587.07292,33,29.7,8354.8
43587.07639,33,29.6,8361
43587.07986,33,29.5,8410.4
43587.08333,33,29.4,8319.8
43587.08681,33,29.3,8359.8
43587.09028,33,29.2,8217.6
43587.09375,33,29.2,8272.2
43587.09722,33,29.1,8264.8
43587.10069,33,29,8011.6
43587.10417,34,28.9,7853.8
43587.10764,34,28.9,7866
43587.11111,34,28.8,7940.8
43587.11458,33,28.8,7970.4
43587.11806,34,28.7,7455.8
43587.12153,34,28.6,7823.8
43587.125,34,28.5,8491.8
43587.12847,34,28.5,8450
43587.13194,34,29,8475.4
43587.13542,34,29.8,8465.8
43587.13889,35,30.2,8431.8
43587.14236,35,30.5,8409.4
43587.14583,36,30.8,2922.6
43587.14931,36,30.9,1661
43587.15278,37,31.1,1652.6
43587.15625,37,31.2,1668.2
43587.15972,38,31.3,1660
43587.16319,38,31.4,1655.8
43587.16667,38,31.4,1654.2
43587.17014,39,31.5,1667.8
43587.17361,39,31.5,1677
43587.17708,40,31.6,1665.4
43587.18056,40,31.6,1659.4
43587.18403,41,31.6,1673.6
43587.1875,41,31.6,1680
43587.19097,41,31.6,1754.6
43587.19444,41,31.7,1870.2
43587.19792,41,31.7,1862.4
43587.20139,42,31.7,1878.4
43587.20486,42,31.7,1877.2
43587.20833,42,31.7,1863.8
43587.21181,42,31.7,1863.2
43587.21528,42,31.7,1878.6
43587.21875,42,31.7,1884.2
43587.22222,42,31.7,1878.8
43587.22569,42,31.7,1877
43587.22917,41,31.7,1864.4
43587.23264,41,31.7,1877.4
43587.23611,41,31.7,1879.2
43587.23958,41,31.8,1860.4
43587.24306,41,31.8,1864.8
43587.24653,41,31.8,1857
43587.25,41,31.8,1834.4
43587.25347,42,31.9,1826.2
43587.25694,42,31.9,1824
43587.26042,42,31.9,1838.4
43587.26389,41,31.9,1828.2
43587.26736,41,31.9,1840.4
43587.27083,41,31.9,1820.4
43587.27431,42,31.9,1817
43587.27778,42,31.9,1827.8
43587.28125,42,31.9,1824.4
43587.28472,42,31.9,1812.8
43587.28819,42,31.9,1822.2
43587.29167,42,31.9,1807.8
43587.29514,41,31.9,1813.8
43587.29861,41,31.9,1813.6
43587.30208,41,31.9,1817.2
43587.30556,41,31.9,1841
43587.30903,40,31.9,1842.2
43587.3125,40,31.9,1850.6
43587.31597,40,32,1863
43587.31944,40,32,1837
43587.32292,40,32,1800.6
43587.32639,40,32,1791.4
43587.32986,40,32,1837.4
43587.33333,39,32,1855.2
43587.33681,39,32,1853
43587.34028,39,32,1862.4
43587.34375,39,32,1822.8
43587.34722,39,32,1800.6
43587.35069,39,32,1811.4
43587.35417,38,32,1861.8
43587.35764,38,32,1877.4
43587.36111,37,32,1880.6
43587.36458,37,32.1,1700
43587.36806,37,32.1,1693.4
43587.37153,37,32.1,1681.4
43587.375,37,32.1,1664.4
43587.37847,37,32.2,1666.6
43587.38194,36,32.2,1721.2
43587.38542,37,32.2,1715.8
43587.38889,36,32.2,1709
43587.39236,36,32.3,1703.6
43587.39583,36,32.3,1700.8
43587.39931,35,32.3,1711.8
43587.40278,35,32.4,1727.6
43587.40625,36,32.4,1736.2
43587.40972,36,32.5,1732.4
43587.41319,36,32.5,1714.2
43587.41667,35,32.5,1741.8
43587.42014,35,32.6,1737.4
43587.42361,35,32.6,1734.2
43587.42708,35,32.6,4213.4
43587.43056,35,32.7,2058.4
43587.43403,35,32.8,1721
43587.4375,35,32.8,1693.8
43587.44097,35,32.9,1719
43587.44444,34,32.9,1752
43587.44792,34,33,1759.8
43587.45139,34,33,2339.2
43587.45486,34,33.1,1348.2
43587.45833,34,33.1,1343
43587.46181,34,33.2,1310
43587.46528,34,33.3,947
43587.46875,33,33.4,697.8
43587.47222,33,33.5,1727.8
43587.47569,33,33.5,1765.2
43587.47917,33,33.6,1482
43587.48264,33,33.7,1489.4
43587.48611,32,33.7,1468.2
43587.48958,32,33.8,1458.6
43587.49306,32,33.9,1452.6
43587.49653,32,33.9,1470.6
43587.5,32,34,1468
43587.50347,32,34.1,1493.8
43587.50694,31,34.1,1472
43587.51042,31,34.2,1466.2
43587.51389,31,34.3,1406
43587.51736,30,34.4,1385.8
43587.52083,30,34.4,1385
43587.52431,30,34.5,1383.4
43587.52778,30,34.5,1455.8
43587.53125,29,34.6,1474.4
43587.53472,29,34.7,1475
43587.53819,30,34.7,1463.4
43587.54167,29,34.8,1446.8
43587.54514,29,34.9,1417.4
43587.54861,29,34.9,1974.4
43587.55208,28,35,3831.2
43587.55556,28,35.1,3822
43587.55903,28,35.1,3964.4
43587.5625,28,35.2,3933.8
43587.56597,28,35.3,2869.8
43587.56944,27,35.4,1730.8
43587.57292,27,35.4,1699
43587.57639,28,35.4,1686.2
43587.57986,28,35.3,1684.4
43587.58333,27,35.3,1690.2
43587.58681,28,35.3,1623.8
43587.59028,28,35.4,1593.6
43587.59375,28,35.4,1751.2
43587.59722,27,35.5,1744.6
43587.60069,27,35.5,1767.8
43587.60417,28,35.6,1739
43587.60764,28,35.6,1647.6
43587.61111,28,35.7,1658
43587.61458,28,35.7,1648.8
43587.61806,28,35.8,1669
43587.62153,28,35.8,1683.4
43587.625,28,35.8,1674.2
43587.62847,27,36,1664
43587.63194,27,36.1,1633.2
43587.63542,27,36.1,1619
43587.63889,27,36.2,1624.6
43587.64236,26,36.3,1473.2
43587.64583,26,36.3,1450.4
43587.64931,25,36.4,1516.6
43587.65278,25,36.4,1465
43587.65625,25,36.2,1452.6
43587.65972,25,36.2,1447.8
43587.66319,25,36.2,1437.4
43587.66667,24,36.2,1528.2
43587.67014,24,36.2,1667.6
43587.67361,24,36.2,1637.6
43587.67708,24,36.3,1644.4
43587.68056,24,36.3,1640.8
43587.68403,24,36.5,1634
43587.6875,24,36.6,1638.2
43587.69097,24,36.6,1617
43587.69444,24,36.7,1539.8
43587.69792,23,36.7,1423
43587.70139,23,36.8,1431.6
43587.70486,23,36.8,1470.4
43587.70833,23,36.8,1476
43587.71181,23,36.9,1448.2
43587.71528,23,36.9,1454.6
43587.71875,23,36.9,1645.6
43587.72222,23,36.9,1608
43587.72569,23,36.9,1647.6
43587.72917,23,37,1660.4
43587.73264,23,36.8,1686.2
43587.73611,24,36.6,1586
43587.73958,24,36.6,1431.2
43587.74306,24,36.5,1429.8
43587.74653,24,36.5,1608.4
43587.75,24,36.5,1733.4
43587.75347,24,36.5,1662.8
43587.75694,24,36.6,1642.6
43587.76042,24,36.7,1597.2
43587.76389,25,36.8,1611.6
43587.76736,25,36.8,1548.4
43587.77083,25,36.8,1409.2
43587.77431,25,36.9,1437.8
43587.77778,25,36.9,1416.6
43587.78125,25,36.9,1527.2
43587.78472,25,36.9,1656.8
43587.78819,26,36.9,1606.2
43587.79167,26,36.8,1595.6
43587.79514,26,36.8,3420
43587.79861,27,36.8,9951
43587.80208,27,36.8,10182.8
43587.80556,28,36.6,10248.2
43587.80903,29,36.6,5595.6
43587.8125,29,36.4,1021.8
43587.81597,29,36.4,990.4
43587.81944,29,36.5,636
43587.82292,30,36.5,1078.8
43587.82639,30,36.6,1779.2
43587.82986,30,36.6,3009.4
43587.83333,29,36.6,4231.2
43587.83681,29,36.6,1792
43587.84028,30,36.6,3961.6
43587.84375,30,36.6,1606.4
43587.84722,30,36.6,3654.6
43587.85069,30,36.6,1596.6
43587.85417,29,36.6,1590.6
43587.85764,29,36.6,1606
43587.86111,29,36.6,1607.8
43587.86458,29,36.6,1604.2
43587.86806,29,36.6,1591.6
43587.87153,29,36.5,1586.2
43587.875,29,36.5,1582.2
43587.87847,29,36.5,1582.8
43587.88194,29,36.5,1577.2
43587.88542,29,36.5,1573.2
43587.88889,29,36.5,1573
43587.89236,29,36.4,1572.4
43587.89583,29,36.4,1571.8
43587.89931,29,36.4,1563.6
43587.90278,29,36.4,1552
43587.90625,30,36.4,1550.4
43587.90972,30,36.3,1552.6
43587.91319,30,36.3,1540
43587.91667,30,36.3,1506.4
43587.92014,30,36.3,1508.8
43587.92361,30,36.3,1520
43587.92708,30,36.2,1543
43587.93056,30,36.2,1558.4
43587.93403,30,36.2,1600.4
43587.9375,30,36.2,1537.4
43587.94097,30,36.1,1491
43587.94444,30,36.1,1461.2
43587.94792,30,36.1,1457.8
43587.95139,30,36,1464.2
43587.95486,30,36,1383.8
43587.95833,30,36,1377
43587.96181,30,36,1566.6
43587.96528,29,35.6,1666.2
43587.96875,29,35,1660.8
43587.97222,28,34.4,1602.6
43587.97569,28,33.9,1621.4
43587.97917,28,33.4,7277.6
43587.98264,28,33.1,9046
43587.98611,28,33.3,9318.8
43587.98958,28,33,9340
43587.99306,28,32.7,9403.8
43587.99653,28,32.4,9445.6
43588,28,32.2,9393.4
43588.00347,28,32,9371
43588.00694,28,31.7,9266.4
43588.01042,28,31.7,9313.2
43588.01389,28,31.6,9349.6
43588.01736,28,31.4,9312.4
43588.02083,28,31.3,9405.2
43588.02431,28,31.1,9426
43588.02778,28,31,9381.4
43588.03125,28,30.9,9359.6
43588.03472,28,30.8,9298
43588.03819,28,30.7,9438.6
43588.04167,28,30.6,9451.4
43588.04514,28,30.5,9299.8
43588.04861,28,30.4,9412.8
43588.05208,28,30.2,9482.8
43588.05556,28,30.2,9451.6
43588.05903,28,30.1,9513.6
43588.0625,27,30,9545.4
43588.06597,27,29.9,9498.2
43588.06944,27,29.8,9271.8
43588.07292,27,29.7,8585.2
43588.07639,27,29.7,8504.2
43588.07986,27,29.6,8558.8
43588.08333,28,29.5,8507
43588.08681,28,29.5,8542.6
43588.09028,28,29.3,8543.4
43588.09375,28,29.3,8544.2
43588.09722,28,29.2,8601
43588.10069,28,29.2,8614.6
43588.10417,28,29.1,8556.8
43588.10764,28,29,8600.6
43588.11111,28,28.9,8581.4
43588.11458,28,28.8,8595.6
43588.11806,28,28.8,8601.4
43588.12153,28,28.7,8607.8
43588.125,28,28.6,8536.4
43588.12847,28,28.5,8517.4
43588.13194,28,28.5,8564.8
43588.13542,28,28.4,8563.2
43588.13889,28,28.4,8563.8
43588.14236,28,28.3,8543.4
43588.14583,28,29,8567.8
43588.14931,27,29.7,8605
43588.15278,27,30.1,8138.6
43588.15625,28,30.4,8072.4
43588.15972,28,30.6,1331.4
43588.16319,28,30.8,883
43588.16667,28,30.9,781.8
43588.17014,29,31,352.6
43588.17361,29,31.1,1361.2
43588.17708,29,31.1,1702.6
43588.18056,30,31.2,1698.2
43588.18403,30,31.2,1686.4
43588.1875,30,31.3,1676.8
43588.19097,31,31.3,1679
43588.19444,31,31.4,1666
43588.19792,31,31.4,1657
43588.20139,32,31.4,1669.6
43588.20486,32,31.5,1870.6
43588.20833,32,31.5,1876
43588.21181,32,31.5,1868
43588.21528,32,31.6,1875
43588.21875,32,31.6,1869.4
43588.22222,33,31.6,1860.6
43588.22569,33,31.7,1855.4
43588.22917,33,31.7,1853.4
43588.23264,33,31.7,1852.2
43588.23611,33,31.7,1849.8
43588.23958,33,31.7,1844.8
43588.24306,33,31.7,1847
43588.24653,33,31.7,1829.4
43588.25,33,31.7,1816.4
43588.25347,33,31.7,1813.8
43588.25694,33,31.7,1834.8
43588.26042,33,31.7,1833.6
43588.26389,33,31.7,1838.2
43588.26736,33,31.7,1828.2
43588.27083,33,31.7,1787.8
43588.27431,33,31.7,1756.6
43588.27778,33,31.7,1746
43588.28125,33,31.7,1822.4
43588.28472,32,31.7,1789.6
43588.28819,32,31.7,1801.8
43588.29167,32,31.7,1806.4
43588.29514,32,31.7,1834.4
43588.29861,32,31.7,1871.4
43588.30208,32,31.7,1876.2
43588.30556,32,31.7,1856.8
43588.30903,32,31.7,1853
43588.3125,32,31.7,3456
43588.31597,32,31.7,4366.4
43588.31944,32,31.7,3471.6
43588.32292,33,31.7,1883.8
43588.32639,33,31.7,1832
43588.32986,33,31.7,1683.4
43588.33333,33,31.7,1690
43588.33681,33,31.7,1697.6
43588.34028,34,31.7,1796
43588.34375,34,31.7,1720.8
43588.34722,33,31.7,1684.6
43588.35069,33,31.7,1694.4
43588.35417,33,31.7,1706.8
43588.35764,33,31.7,1672.4
43588.36111,33,31.7,1511.2
43588.36458,33,31.7,1538.6
43588.36806,33,31.7,1550.2
43588.37153,33,31.7,1987
43588.375,33,31.7,2611.6
43588.37847,33,31.7,2904.8
43588.38194,33,31.8,2003
43588.38542,33,31.8,2481.4
43588.38889,32,31.9,1983.8
43588.39236,33,31.9,2616.8
43588.39583,33,32,2055.2
43588.39931,34,32,1489.2
43588.40278,34,32.1,1522.2
43588.40625,34,32.1,1544.4
43588.40972,34,32.2,1546.2
43588.41319,34,32.2,1729.8
43588.41667,34,32.3,1703.8
43588.42014,33,32.3,1747.4
43588.42361,33,32.4,1709.6
43588.42708,34,32.4,1662.4
43588.43056,33,32.5,1630.2
43588.43403,33,32.5,1626.8
43588.4375,33,32.6,1668.8
43588.44097,33,32.6,1729.8
43588.44444,33,32.7,1716.8
43588.44792,33,32.8,1711.2
43588.45139,33,32.8,1680.2
43588.45486,33,32.9,1494
43588.45833,33,33,1428.8
43588.46181,33,33,1372.2
43588.46528,33,33.1,1376.2
43588.46875,32,33.2,1437
43588.47222,32,33.2,1442.8
43588.47569,32,33.3,1479.8
43588.47917,32,33.4,1490.2
43588.48264,32,33.5,1428.2
43588.48611,32,33.5,1389
43588.48958,32,33.6,1391.4
43588.49306,32,33.7,1390.8
43588.49653,32,33.7,1376.6
43588.5,33,33.7,1305.4
43588.50347,33,33.8,831.6
43588.50694,33,33.9,785.4
43588.51042,33,34,1209.8
43588.51389,32,34.1,2266.8
43588.51736,32,34.2,651.8
43588.52083,32,34.3,619.2
43588.52431,32,34.4,1440.6
43588.52778,32,34.5,1419.6
43588.53125,31,34.5,1366.8
43588.53472,31,34.6,1385.8
43588.53819,31,34.7,1388.8
43588.54167,31,34.8,1370.6
43588.54514,30,34.9,1372.4
43588.54861,30,35,1375.4
43588.55208,30,35.1,1414.6
43588.55556,29,35.2,1404.2
43588.55903,29,35.3,1401.2
43588.5625,28,35.3,1456.4
43588.56597,28,35.4,1444.8
43588.56944,28,35.5,1428.6
43588.57292,28,35.6,1443.2
43588.57639,28,35.7,1455.6
43588.57986,28,35.8,1636.8
43588.58333,27,35.9,1639.4
43588.58681,27,35.9,1500.2
43588.59028,27,36,1521.4
43588.59375,27,36.1,1520.4
43588.59722,27,36.2,1521.2
43588.60069,27,36.3,1530.6
43588.60417,28,36.4,1575.4
43588.60764,28,36.4,1713.6
43588.61111,28,36.5,1695.2
43588.61458,28,36.6,1739.6
43588.61806,28,36.6,1700.2
43588.62153,28,36.7,1688.6
43588.625,28,36.8,1666.8
43588.62847,28,36.8,1677.2
43588.63194,28,36.9,1624.4
43588.63542,28,37,1630.8
43588.63889,27,37,1620.2
43588.64236,27,37.1,1623.6
43588.64583,27,37.2,1598
43588.64931,27,37.3,1622.6
43588.65278,27,37.3,1608.6
43588.65625,27,37.3,1619.2
43588.65972,27,37.3,1625
43588.66319,27,37.3,1586.6
43588.66667,27,37.3,1579.8
43588.67014,27,37,1587.2
43588.67361,27,36.9,1636.2
43588.67708,27,36.9,1613.6
43588.68056,27,36.9,1680.8
43588.68403,27,36.9,1847.2
43588.6875,27,36.9,2050
43588.69097,27,37,2039
43588.69444,27,37,2046.2
43588.69792,27,37,2052.8
43588.70139,27,37.1,2021.4
43588.70486,27,37.1,1808.6
43588.70833,27,37.1,1757.4
43588.71181,27,37.2,1746
43588.71528,27,37.2,1755.4
43588.71875,27,37.2,1783.4
43588.72222,27,37.2,1797.2
43588.72569,28,37.3,1785.6
43588.72917,28,37.4,1795.8
43588.73264,28,37.5,1788
43588.73611,28,37.6,1818.8
43588.73958,28,37.7,1643
43588.74306,28,37.7,1387.6
43588.74653,27,37.7,1387
43588.75,27,37.7,1420.4
43588.75347,27,37.7,1475.6
43588.75694,27,37.7,1467.4
43588.76042,27,37.7,1498
43588.76389,27,37.7,1485.8
43588.76736,27,37.7,1492
43588.77083,26,37.7,1484.6
43588.77431,26,37,1450.6
43588.77778,26,36.4,1494.8
43588.78125,26,36.2,1623.2
43588.78472,25,36.6,1507.8
43588.78819,25,36.9,7629.6
43588.79167,25,37.1,8444.6
43588.79514,25,37.2,7562.4
43588.79861,25,37.3,1483.2
43588.80208,25,37.2,1486.2
43588.80556,25,37,1538.6
43588.80903,25,37,1782
43588.8125,26,37.1,1817
43588.81597,26,36.9,1765.2
43588.81944,27,37,1740.4
43588.82292,27,37.1,2093.2
43588.82639,27,37.2,1924.4
43588.82986,27,37.2,1737.6
43588.83333,27,37.2,1489.6
43588.83681,27,37.2,1479
43588.84028,27,37.2,1485.2
43588.84375,27,37.2,1488.2
43588.84722,27,37.2,1474.8
43588.85069,27,37.2,949.2
43588.85417,27,37.1,708.6
43588.85764,28,37.1,708
43588.86111,28,37.1,704.6
43588.86458,28,37.1,533.8
43588.86806,28,37.1,231.4
43588.87153,28,37,1338.4
43588.875,28,37,1542.2
43588.87847,28,37,1530.8
43588.88194,30,37,1540.6
43588.88542,29,36.7,1584.8
43588.88889,29,36.7,1577
43588.89236,30,36.8,1601.2
43588.89583,30,36.8,1652.4
43588.89931,29,36.8,1751.8
43588.90278,29,36.8,1563.4
43588.90625,29,36.8,1587.4
43588.90972,30,36.7,1618
43588.91319,29,36.7,1521
43588.91667,29,36.7,1517.6
43588.92014,29,36.7,1566.6
43588.92361,29,36.7,1542.4
43588.92708,29,36.6,1518.8
43588.93056,29,36.6,1518.8
43588.93403,29,36.6,1738.6
43588.9375,29,36.6,1730.2
43588.94097,29,36.5,1781.8
43588.94444,29,36.5,1764.6
43588.94792,29,36.5,1709
43588.95139,29,36.5,1726.6
43588.95486,29,36.4,1714
43588.95833,29,35.7,1707.4
43588.96181,28,35.2,1686.2
43588.96528,28,34.7,1656.8
43588.96875,28,34.2,2672.4
43588.97222,28,33.8,8549
43588.97569,28,33.5,8899.8
43588.97917,27,33.2,9067
43588.98264,27,32.9,9354.2
43588.98611,27,32.7,9345.4
43588.98958,27,32.5,9192.8
43588.99306,27,32.3,9198.2
43588.99653,27,32.1,9304.8
43589,27,32,9431.2
43589.00347,27,31.7,9411.4
43589.00694,27,31.7,9340.8
43589.01042,26,31.7,9460.8
43589.01389,26,31.5,9466.8
43589.01736,26,31.4,9504.8
43589.02083,26,31.2,9535.8
43589.02431,26,31.1,9461.8
43589.02778,26,31,9460.6
43589.03125,26,30.8,9494.6
43589.03472,26,30.8,9398.4
43589.03819,26,30.7,9500.4
43589.04167,26,30.6,9525.8
43589.04514,26,30.5,9065.6
43589.04861,26,30.4,8556.8
43589.05208,26,30.4,8483.2
43589.05556,26,30.3,8583.6
43589.05903,26,30.2,8545.2
43589.0625,26,30,8521.8
43589.06597,26,29.9,8628.4
43589.06944,26,29.8,8610.4
43589.07292,26,29.7,8527
43589.07639,26,29.6,8547.6
43589.07986,26,29.6,8528
43589.08333,27,29.7,8495.2
43589.08681,27,30.6,8540.2
43589.09028,27,31.1,8528.8
43589.09375,27,31.5,8570.8
43589.09722,28,31.7,6796.8
43589.10069,28,31.7,1857.2
43589.10417,28,32,1845.6
43589.10764,28,32.1,1848.2
43589.11111,28,32.1,1850.6
43589.11458,29,32.2,1850.6
43589.11806,29,32.3,1847.2
43589.12153,29,32.3,1853.8
43589.125,29,32.4,1863
43589.12847,30,32.4,1859
43589.13194,30,32.5,1858.6
43589.13542,30,32.5,1860.2
43589.13889,30,32.5,1862.4
43589.14236,30,32.5,1867
43589.14583,31,32.6,1861
43589.14931,31,32.6,1867.6
43589.15278,31,32.6,1871.2
43589.15625,31,32.6,1870.8
43589.15972,31,32.6,1874.6
43589.16319,32,32.6,1858.4
43589.16667,32,32.6,1884.4
43589.17014,32,32.6,1862
43589.17361,32,32.6,1865.4
43589.17708,33,32.7,1867.2
43589.18056,33,32.7,1865.8
43589.18403,33,32.7,1872.6
43589.1875,34,32.7,1874
43589.19097,34,32.7,1868.2
43589.19444,34,32.7,1877.8
43589.19792,34,32.7,1769.2
43589.20139,34,32.7,1246.2
43589.20486,35,32.7,1245.8
43589.20833,35,32.7,1247.4
43589.21181,35,32.7,1230.6
43589.21528,35,32.7,720
43589.21875,35,32.7,1414
43589.22222,35,32.6,1909.8
43589.22569,34,32,1899.2
43589.22917,33,31.4,1892.8
43589.23264,32,31,1886
43589.23611,31,30.7,4246.2
43589.23958,31,30.4,8131.4
43589.24306,32,30.4,8288
43589.24653,31,30.2,8297.8
43589.25,30,30,8279
43589.25347,31,29.9,8306
43589.25694,31,30.2,8294.8
43589.26042,31,30.7,8227.2
43589.26389,32,31,8293.4
43589.26736,32,31.2,8365
43589.27083,33,31.4,4524.2
43589.27431,34,31.5,1830.2
43589.27778,34,31.5,1826.2
43589.28125,34,31.6,1829.4
43589.28472,34,31.6,1834.8
43589.28819,34,31.6,1864.4
43589.29167,34,31.6,1892.8
43589.29514,34,31.7,1788.4
43589.29861,35,31.7,1692.6
43589.30208,35,31.7,1717.4
43589.30556,35,31.7,1712.2
43589.30903,35,31.7,1687.6
43589.3125,35,31.7,1680.2
43589.31597,35,31.7,1662.6
43589.31944,35,31.7,1674.6
43589.32292,35,31.7,1715
43589.32639,35,31.7,1694.8
43589.32986,35,31.7,1750.2
43589.33333,36,31.7,3999
43589.33681,36,31.7,4185.6
43589.34028,36,31.7,1671.6
43589.34375,36,31.7,1736.8
43589.34722,36,31.7,1740.2
43589.35069,36,31.7,3337.4
43589.35417,36,31.7,4250.2
43589.35764,36,31.7,4785.4
43589.36111,37,31.7,1882.8
43589.36458,37,31.8,2580
43589.36806,37,31.8,2666.6
43589.37153,37,31.9,2396.6
43589.375,37,31.9,2177.8
43589.37847,37,32,2574.8
43589.38194,37,32,2041
43589.38542,37,32,2653.8
43589.38889,38,32,2154.6
43589.39236,38,32.1,1680.6
43589.39583,39,32.1,1644.6
43589.39931,39,32.1,1825.2
43589.40278,39,32.2,2563
43589.40625,39,32.2,2264.2
43589.40972,38,32.3,2493.8
43589.41319,38,32.3,2559.8
43589.41667,38,32.3,1744.8
43589.42014,37,32.4,1555.6
43589.42361,37,32.4,1695.4
43589.42708,37,32.5,1664.6
43589.43056,37,32.6,1464.6
43589.43403,36,32.6,1454
43589.4375,36,32.6,1432
43589.44097,36,32.7,1501.4
43589.44444,36,32.8,1502.6
43589.44792,36,32.8,1497.6
43589.45139,35,32.9,1506.4
43589.45486,35,32.9,1506.8
43589.45833,35,33,1510
43589.46181,35,33.1,1504
43589.46528,34,33.2,1503.4
43589.46875,34,33.2,1494.2
43589.47222,34,33.3,1498
43589.47569,34,33.4,1498.6
43589.47917,34,33.4,1505.8
43589.48264,33,33.6,1501.8
43589.48611,33,33.6,1507.4
43589.48958,33,33.7,1488.6
43589.49306,33,33.8,1484
43589.49653,32,33.8,1486
43589.5,32,33.9,1471.8
43589.50347,32,34,1485
43589.50694,32,34.1,1492.4
43589.51042,32,34.2,1491.8
43589.51389,32,34.3,1496.4
43589.51736,31,34.4,1501.6
43589.52083,31,34.5,1494.2
43589.52431,31,34.5,1478.6
43589.52778,31,34.6,1487.8
43589.53125,31,34.7,1493.6
43589.53472,31,34.8,1500.4
43589.53819,31,34.9,1490.4
43589.54167,30,35,1504
