GRPCOL|HUM|TEMP|PWRA
4/25/2019 13:00|34|35.1|1657.4
4/25/2019 13:05|34|35.2|1653
4/25/2019 13:10|33|35.3|1506.6
4/25/2019 13:15|33|35.4|1485.6
4/25/2019 13:20|33|35.5|1505.8
4/25/2019 13:25|33|35.6|1501.4
4/25/2019 13:30|33|35.7|1443.2
4/25/2019 13:35|33|35.8|1365.8
4/25/2019 13:40|32|35.9|1345
4/25/2019 13:45|32|36|1367
4/25/2019 13:50|31|36|1434.2
4/25/2019 13:55|31|36.1|1435.8
4/25/2019 14:00|30|36.2|1431.8
4/25/2019 14:05|30|36.3|1424.8
4/25/2019 14:10|30|36.4|1421.4
4/25/2019 14:15|30|36.5|1425.6
4/25/2019 14:20|29|36.6|1423.8
4/25/2019 14:25|29|36.7|1391.4
4/25/2019 14:30|29|36.7|1488.4
4/25/2019 14:35|29|36.8|1509.6
4/25/2019 14:40|29|36.9|1504.6
4/25/2019 14:45|29|37|1492.8
4/25/2019 14:50|29|37.1|1404
4/25/2019 14:55|28|37.2|1407.6
4/25/2019 15:00|28|37.3|1403.8
4/25/2019 15:05|28|37.3|1400.2
4/25/2019 15:10|28|37.3|1404.2
4/25/2019 15:15|28|37.4|1467.4
4/25/2019 15:20|28|37.5|1469
4/25/2019 15:25|28|37.5|1675.2
4/25/2019 15:30|28|37.6|2382
4/25/2019 15:35|28|37.7|1877.8
4/25/2019 15:40|27|37.7|1419
4/25/2019 15:45|27|37.8|1433
4/25/2019 15:50|27|37.9|1393.2
4/25/2019 15:55|27|37.9|1391.8
4/25/2019 16:00|27|38|1407.6
4/25/2019 16:05|27|38|1430.8
4/25/2019 16:10|27|38.1|1410
4/25/2019 16:15|26|38.1|1418.6
4/25/2019 16:20|26|38.2|1439
4/25/2019 16:25|26|38.2|1451.2
4/25/2019 16:30|26|38.2|1555.6
4/25/2019 16:35|26|38.3|1673.6
4/25/2019 16:40|26|38.3|1650.8
4/25/2019 16:45|26|38.4|1656.4
4/25/2019 16:50|26|38.4|1647.4
4/25/2019 16:55|26|38.4|1603.2
4/25/2019 17:00|26|38.4|1450.6
4/25/2019 17:05|26|38.4|1437.2
4/25/2019 17:10|26|38.5|1399.2
4/25/2019 17:15|26|38.5|1424.6
4/25/2019 17:20|26|38.2|1445.4
4/25/2019 17:25|26|37.9|1495.4
4/25/2019 17:30|27|38.1|1441.4
4/25/2019 17:35|27|38.2|1432.4
4/25/2019 17:40|27|38.4|1622.2
4/25/2019 17:45|26|38.4|1521
4/25/2019 17:50|26|38.4|1402.8
4/25/2019 17:55|27|38.5|1376.4
4/25/2019 18:00|27|38.5|1379.4
4/25/2019 18:05|27|38.5|1413.4
4/25/2019 18:10|27|38.5|1398.2
4/25/2019 18:15|27|38.5|1394.4
4/25/2019 18:20|27|38.5|1389.2
4/25/2019 18:25|27|38.5|1402.8
4/25/2019 18:30|27|38.5|1406.4
4/25/2019 18:35|27|38.5|1485.4
4/25/2019 18:40|27|38.4|1485.4
4/25/2019 18:45|27|38.4|1477.2
4/25/2019 18:50|27|38.4|1476.8
4/25/2019 18:55|27|38.4|998.6
4/25/2019 19:00|27|38.4|956.6
4/25/2019 19:05|27|38.4|914.2
4/25/2019 19:10|28|38.4|913.6
4/25/2019 19:15|28|38.3|776.2
4/25/2019 19:20|28|38.3|355.4
4/25/2019 19:25|28|38.3|1406.4
4/25/2019 19:30|28|38.3|1533.8
4/25/2019 19:35|28|38.3|1571
4/25/2019 19:40|28|38.2|1562
4/25/2019 19:45|28|38|1590.6
4/25/2019 19:50|28|37.9|1542.4
4/25/2019 19:55|29|38|1543.2
4/25/2019 20:00|29|38|1545.6
4/25/2019 20:05|29|38|1636.6
4/25/2019 20:10|29|38|1543.4
4/25/2019 20:15|29|38|1538.4
4/25/2019 20:20|29|38|1555.8
4/25/2019 20:25|29|38|1545.4
4/25/2019 20:30|29|38|1553.6
4/25/2019 20:35|29|37.9|1542
4/25/2019 20:40|29|37.9|1545.6
4/25/2019 20:45|30|37.9|1681.8
4/25/2019 20:50|30|37.9|1706.8
4/25/2019 20:55|30|37.8|1700.6
4/25/2019 21:00|30|37.8|1646.2
4/25/2019 21:05|30|37.8|1550.8
4/25/2019 21:10|30|37.7|1532.2
4/25/2019 21:15|30|37.7|1539.6
4/25/2019 21:20|30|37.7|1549.2
4/25/2019 21:25|30|37.6|1550.4
4/25/2019 21:30|30|37.6|1565.6
4/25/2019 21:35|30|37.6|1576
4/25/2019 21:40|30|37.5|1559.4
4/25/2019 21:45|30|37.5|1502.6
4/25/2019 21:50|30|37.5|1506.8
4/25/2019 21:55|30|37.5|1509
4/25/2019 22:00|30|37.4|1501.4
4/25/2019 22:05|30|37.4|1494.4
4/25/2019 22:10|31|37.3|1515
4/25/2019 22:15|31|37.3|1711.6
4/25/2019 22:20|31|37.3|1647.6
4/25/2019 22:25|31|37.3|1730
4/25/2019 22:30|31|37.3|1705.8
4/25/2019 22:35|31|37.3|1705.6
4/25/2019 22:40|31|37.3|1727
4/25/2019 22:45|31|37.2|1772.2
4/25/2019 22:50|32|37.2|1768
4/25/2019 22:55|32|37.1|1774.8
4/25/2019 23:00|32|37.1|1941.2
4/25/2019 23:05|32|37.1|2004
4/25/2019 23:10|32|37|1986
4/25/2019 23:15|32|37|1996.6
4/25/2019 23:20|32|37|2032.8
4/25/2019 23:25|32|36.9|1990.6
4/25/2019 23:30|33|36.9|2008
4/25/2019 23:35|33|36.9|1973.2
4/25/2019 23:40|33|36.8|2265.4
4/25/2019 23:45|33|36.8|4173.6
4/25/2019 23:50|34|36.5|4151.6
4/25/2019 23:55|34|36.4|3272.8
4/26/2019 0:00|35|36.3|1728.2
4/26/2019 0:05|35|36.2|1743.8
4/26/2019 0:10|36|36.2|1898.8
4/26/2019 0:15|36|35.8|1863.4
4/26/2019 0:20|36|35.1|1866
4/26/2019 0:25|35|34.5|1906.4
4/26/2019 0:30|35|34.1|3922.4
4/26/2019 0:35|34|33.8|8267
4/26/2019 0:40|34|33.6|8496
4/26/2019 0:45|33|33.4|8610
4/26/2019 0:50|33|33.1|8723.4
4/26/2019 0:55|33|32.8|8742.4
4/26/2019 1:00|33|32.6|8638.6
4/26/2019 1:05|33|32.5|8534.6
4/26/2019 1:10|33|32.4|8538.4
4/26/2019 1:15|33|32.2|8573.8
4/26/2019 1:20|33|32.1|8562.6
4/26/2019 1:25|33|32|8689
4/26/2019 1:30|33|31.7|8611.8
4/26/2019 1:35|33|31.7|8604.4
4/26/2019 1:40|33|31.7|8689.8
4/26/2019 1:45|33|31.5|8590.8
4/26/2019 1:50|33|31.4|8663.6
4/26/2019 1:55|33|31.3|8732.4
4/26/2019 2:00|33|31.2|8592.2
4/26/2019 2:05|33|31.2|8554.8
4/26/2019 2:10|33|31.1|8599.2
4/26/2019 2:15|34|31|8708.8
4/26/2019 2:20|34|31|8806.6
4/26/2019 2:25|34|30.9|8745.6
4/26/2019 2:30|34|30.8|8759.8
4/26/2019 2:35|34|30.7|8769.8
4/26/2019 2:40|34|30.7|8773
4/26/2019 2:45|34|30.6|8727.4
4/26/2019 2:50|34|30.5|8734.6
4/26/2019 2:55|34|30.4|8774.4
4/26/2019 3:00|34|30.3|8744.6
4/26/2019 3:05|34|30.3|8741.2
4/26/2019 3:10|34|30.2|8731
4/26/2019 3:15|34|30.1|8657
4/26/2019 3:20|34|29.8|8246.6
4/26/2019 3:25|34|29.7|8252.6
4/26/2019 3:30|34|29.7|8175
4/26/2019 3:35|34|29.6|8082
4/26/2019 3:40|34|29.5|7852
4/26/2019 3:45|34|29.5|7729.4
4/26/2019 3:50|34|29.4|8790.8
4/26/2019 3:55|35|29.4|8801.4
4/26/2019 4:00|34|29.7|8828.2
4/26/2019 4:05|34|30.4|8825.4
4/26/2019 4:10|35|30.8|8725.6
4/26/2019 4:15|35|31.1|8540.8
4/26/2019 4:20|36|31.3|1725.2
4/26/2019 4:25|36|31.5|1905.6
4/26/2019 4:30|37|31.6|1917.4
4/26/2019 4:35|37|31.7|1907.8
4/26/2019 4:40|38|31.7|1916.2
4/26/2019 4:45|38|31.7|1912.8
4/26/2019 4:50|38|31.8|1904.8
4/26/2019 4:55|39|31.9|1900
4/26/2019 5:00|39|31.9|1916.6
4/26/2019 5:05|39|32|1902.2
4/26/2019 5:10|40|32|1894.6
4/26/2019 5:15|40|32|1903
4/26/2019 5:20|40|32.1|1900.4
4/26/2019 5:25|40|32.1|1896.2
4/26/2019 5:30|41|32.1|1887.2
4/26/2019 5:35|41|32.1|1881.2
4/26/2019 5:40|41|32.2|1890
4/26/2019 5:45|41|32.2|1894.4
4/26/2019 5:50|42|32.2|1893.6
4/26/2019 5:55|42|32.2|1883.8
4/26/2019 6:00|42|32.2|1876.4
4/26/2019 6:05|42|32.2|1878.8
4/26/2019 6:10|43|32.2|1878
4/26/2019 6:15|43|32.2|1875.2
4/26/2019 6:20|43|32.2|1878.6
4/26/2019 6:25|43|32.2|1882.2
4/26/2019 6:30|43|32.2|1873.4
4/26/2019 6:35|43|32.2|1858.8
4/26/2019 6:40|44|32.2|1869.4
4/26/2019 6:45|44|32.2|1863.6
4/26/2019 6:50|44|32.2|1856.8
4/26/2019 6:55|44|32.2|1842
4/26/2019 7:00|44|32.2|1787.2
4/26/2019 7:05|44|32.2|1786.4
4/26/2019 7:10|45|32.2|1781.4
4/26/2019 7:15|45|32.2|1789.8
4/26/2019 7:20|45|32.2|1793.6
4/26/2019 7:25|45|32.2|1809.8
4/26/2019 7:30|45|32.2|1827
4/26/2019 7:35|45|32.2|1839
4/26/2019 7:40|45|32.2|1699.4
4/26/2019 7:45|45|32.2|1640.4
4/26/2019 7:50|45|32.3|1656.4
4/26/2019 7:55|45|32.3|1655.6
4/26/2019 8:00|45|32.3|1670.4
4/26/2019 8:05|45|32.3|1683.4
4/26/2019 8:10|45|32.3|1667.4
4/26/2019 8:15|45|32.3|1696.4
4/26/2019 8:20|45|32.3|1692.8
4/26/2019 8:25|45|32.3|1700.8
4/26/2019 8:30|45|32.3|1673.2
4/26/2019 8:35|44|32.3|1673.6
4/26/2019 8:40|44|32.3|1672
4/26/2019 8:45|44|32.3|1686.8
4/26/2019 8:50|43|32.4|1696.4
4/26/2019 8:55|42|32.4|1662.2
4/26/2019 9:00|41|32.4|1685.6
4/26/2019 9:05|40|32.4|1710.4
4/26/2019 9:10|40|32.5|1701.2
4/26/2019 9:15|39|32.5|1702.8
4/26/2019 9:20|39|32.5|1678.4
4/26/2019 9:25|39|32.5|1668.6
4/26/2019 9:30|39|32.6|1697.4
4/26/2019 9:35|39|32.6|1660.4
4/26/2019 9:40|39|32.6|1661.4
4/26/2019 9:45|38|32.7|1660.8
4/26/2019 9:50|38|32.7|1643.4
4/26/2019 9:55|38|32.8|1640.6
4/26/2019 10:00|38|32.8|1640.2
4/26/2019 10:05|38|32.9|1640.8
4/26/2019 10:10|38|32.9|1657.6
4/26/2019 10:15|38|33|1533.6
4/26/2019 10:20|38|33|1411.2
4/26/2019 10:25|38|33.1|1429.4
4/26/2019 10:30|38|33.1|1419.6
4/26/2019 10:35|38|33.2|1413.8
4/26/2019 10:40|38|33.2|1383.8
4/26/2019 10:45|38|33.3|1380.2
4/26/2019 10:50|38|33.4|1386
4/26/2019 10:55|38|33.4|1413
4/26/2019 11:00|37|33.5|1362.6
4/26/2019 11:05|37|33.6|1350.6
4/26/2019 11:10|37|33.6|1389.6
4/26/2019 11:15|37|33.7|1485.8
4/26/2019 11:20|37|33.7|1479.4
4/26/2019 11:25|37|33.8|1608
4/26/2019 11:30|37|33.9|1663.2
4/26/2019 11:35|37|34|1506
4/26/2019 11:40|37|34.1|1246.6
4/26/2019 11:45|37|34.1|1148.6
4/26/2019 11:50|37|34.2|1085.4
4/26/2019 11:55|37|34.2|1098.8
4/26/2019 12:00|37|34.3|1100.8
4/26/2019 12:05|37|34.4|814.2
4/26/2019 12:10|37|34.5|796.8
4/26/2019 12:15|36|34.6|1736.6
4/26/2019 12:20|36|34.7|1523
4/26/2019 12:25|36|34.8|1456.8
4/26/2019 12:30|35|34.9|1498
4/26/2019 12:35|35|35|1517.2
4/26/2019 12:40|34|35.1|1518.2
4/26/2019 12:45|34|35.2|1452.4
4/26/2019 12:50|34|35.3|1436.8
4/26/2019 12:55|34|35.4|1480
4/26/2019 13:00|33|35.4|1529.6
4/26/2019 13:05|33|35.5|1643.4
4/26/2019 13:10|33|35.6|1654.2
4/26/2019 13:15|32|35.7|1667.4
4/26/2019 13:20|32|35.8|1510.4
4/26/2019 13:25|32|35.9|1490.2
4/26/2019 13:30|32|36|1510.6
4/26/2019 13:35|32|36.1|1522.2
4/26/2019 13:40|32|36.2|1438.2
4/26/2019 13:45|32|36.3|1401.6
4/26/2019 13:50|32|36.4|1435.4
4/26/2019 13:55|31|36.5|1434.6
4/26/2019 14:00|31|36.6|1408.8
4/26/2019 14:05|31|36.6|1392.4
4/26/2019 14:10|30|36.7|1397.2
4/26/2019 14:15|31|36.5|1395.8
4/26/2019 14:20|31|36.5|1394.6
4/26/2019 14:25|31|36.5|1389.8
4/26/2019 14:30|31|36.5|1496
4/26/2019 14:35|31|36.6|1684.6
4/26/2019 14:40|30|36.7|1691.2
4/26/2019 14:45|30|36.7|1684.6
4/26/2019 14:50|30|36.8|1673.4
4/26/2019 14:55|29|36.9|1667.6
4/26/2019 15:00|29|37|1656
4/26/2019 15:05|28|37|1675.2
4/26/2019 15:10|28|37.1|1706.8
4/26/2019 15:15|28|37.2|1706.4
4/26/2019 15:20|27|37.3|1713.2
4/26/2019 15:25|27|37.3|1710.4
4/26/2019 15:30|27|37.3|1655.6
4/26/2019 15:35|28|37.5|1643.2
4/26/2019 15:40|28|37.7|1642.6
4/26/2019 15:45|28|37.9|1633.6
4/26/2019 15:50|28|38|1525.4
4/26/2019 15:55|27|38|1412.6
4/26/2019 16:00|27|38.1|1427.4
4/26/2019 16:05|27|38.2|1422.4
4/26/2019 16:10|27|37.9|1463.6
4/26/2019 16:15|27|37.8|1437.2
4/26/2019 16:20|27|37.8|1445.6
4/26/2019 16:25|27|37.8|1472
4/26/2019 16:30|27|38|1612
4/26/2019 16:35|27|38.2|1616
4/26/2019 16:40|27|38.3|1617.8
4/26/2019 16:45|27|38.4|1567.6
4/26/2019 16:50|27|38.5|1459.2
4/26/2019 16:55|26|38.4|1453.2
4/26/2019 17:00|27|38.1|1463.2
4/26/2019 17:05|27|38.1|1464.8
4/26/2019 17:10|27|38|1468
4/26/2019 17:15|27|38|1585.8
4/26/2019 17:20|27|38|1646.4
4/26/2019 17:25|27|38.1|1646.2
4/26/2019 17:30|27|38.3|1644.6
4/26/2019 17:35|27|38.4|1584.6
4/26/2019 17:40|27|38.5|1680.8
4/26/2019 17:45|27|38.6|1546.8
4/26/2019 17:50|27|38.6|1480.6
4/26/2019 17:55|27|38.6|1421
4/26/2019 18:00|27|38.3|1383.8
4/26/2019 18:05|27|38.2|1386
4/26/2019 18:10|27|38.1|1388.8
4/26/2019 18:15|27|38.1|1483.8
4/26/2019 18:20|27|38|1696.2
4/26/2019 18:25|27|38|1696.4
4/26/2019 18:30|27|38.2|1694.4
4/26/2019 18:35|28|38.3|1694.8
4/26/2019 18:40|28|38.4|1687
4/26/2019 18:45|28|38.5|1731.8
4/26/2019 18:50|28|38.5|1791.6
4/26/2019 18:55|28|38.5|1786
4/26/2019 19:00|28|38.5|1790.6
4/26/2019 19:05|28|38.5|1747.8
4/26/2019 19:10|28|38.5|1731.6
4/26/2019 19:15|28|38.5|1685.4
4/26/2019 19:20|29|38.4|1524.2
4/26/2019 19:25|29|38.1|1530.6
4/26/2019 19:30|30|38|1562
4/26/2019 19:35|30|38.1|1464
4/26/2019 19:40|30|38.2|1624.2
4/26/2019 19:45|30|38.2|1753.4
4/26/2019 19:50|30|38.3|1612.4
4/26/2019 19:55|30|38.3|1534.8
4/26/2019 20:00|30|38.3|1529.2
4/26/2019 20:05|30|38.3|1170.2
4/26/2019 20:10|30|38.2|736.6
4/26/2019 20:15|30|38.2|784
4/26/2019 20:20|30|38.2|926
4/26/2019 20:25|31|38.2|541.4
4/26/2019 20:30|31|38.2|327.4
4/26/2019 20:35|31|38.2|1589.6
4/26/2019 20:40|31|38.1|1650
4/26/2019 20:45|31|38.1|1650.8
4/26/2019 20:50|31|38.1|1626.2
4/26/2019 20:55|31|38.1|1637.2
4/26/2019 21:00|31|38|1613.6
4/26/2019 21:05|31|38|1609
4/26/2019 21:10|31|38|1598.8
4/26/2019 21:15|31|38|1598.8
4/26/2019 21:20|31|37.9|1601.6
4/26/2019 21:25|31|37.9|1583.4
4/26/2019 21:30|31|37.9|1630
4/26/2019 21:35|31|37.8|1564.8
4/26/2019 21:40|31|37.8|1562.4
4/26/2019 21:45|31|37.8|1557.4
4/26/2019 21:50|31|37.8|1550.4
4/26/2019 21:55|31|37.7|1550.6
4/26/2019 22:00|31|37.7|1557
4/26/2019 22:05|31|37.5|1541.4
4/26/2019 22:10|31|37.3|1522.2
4/26/2019 22:15|31|37.2|1548.8
4/26/2019 22:20|31|37.2|1633.2
4/26/2019 22:25|31|37.3|1708.2
4/26/2019 22:30|31|37.3|1894
4/26/2019 22:35|31|37.3|1949.4
4/26/2019 22:40|31|37.3|1793.4
4/26/2019 22:45|31|37.3|1745
4/26/2019 22:50|32|37.3|1742.2
4/26/2019 22:55|32|37.3|1735.6
4/26/2019 23:00|31|37.3|1846
4/26/2019 23:05|31|36.8|1996.8
4/26/2019 23:10|31|36.2|1976.2
4/26/2019 23:15|31|35.8|2007.4
4/26/2019 23:20|31|35.4|4057
4/26/2019 23:25|31|34.9|8440.4
4/26/2019 23:30|31|34.6|8522.8
4/26/2019 23:35|31|34.3|8701.6
4/26/2019 23:40|31|34.1|8776
4/26/2019 23:45|31|33.9|8876.2
4/26/2019 23:50|31|33.6|8938.4
4/26/2019 23:55|31|33.4|8918.6
4/27/2019 0:00|31|33.2|8976.8
4/27/2019 0:05|31|33|8925.4
4/27/2019 0:10|31|32.8|8850.2
4/27/2019 0:15|31|32.8|8904.6
4/27/2019 0:20|31|32.6|8716.4
4/27/2019 0:25|31|32.5|8754
4/27/2019 0:30|31|32.4|8743.6
4/27/2019 0:35|31|32.3|8562
4/27/2019 0:40|31|32.3|8560.6
4/27/2019 0:45|31|32.2|8596.2
4/27/2019 0:50|31|32.1|8760.4
4/27/2019 0:55|31|32|8778.2
4/27/2019 1:00|31|31.9|8872.4
4/27/2019 1:05|31|32.1|8821
4/27/2019 1:10|31|32.9|8828.2
4/27/2019 1:15|32|33.3|8870
4/27/2019 1:20|32|33.6|8826
4/27/2019 1:25|33|33.7|3792.4
4/27/2019 1:30|34|33.9|1878
4/27/2019 1:35|34|34|1870.4
4/27/2019 1:40|34|34.1|1869.8
4/27/2019 1:45|35|34.1|1871.8
4/27/2019 1:50|35|34.2|1875
4/27/2019 1:55|35|34.2|1882.6
4/27/2019 2:00|36|34.3|1878.2
4/27/2019 2:05|36|34.3|1873.2
4/27/2019 2:10|36|34.2|1870.8
4/27/2019 2:15|36|33.6|1877
4/27/2019 2:20|35|33|1880.6
4/27/2019 2:25|35|32.6|1880.4
4/27/2019 2:30|34|32.4|5869.8
4/27/2019 2:35|34|32.2|8590.2
4/27/2019 2:40|34|31.9|8675.6
4/27/2019 2:45|34|31.7|8762.4
4/27/2019 2:50|34|31.7|8784.4
4/27/2019 2:55|34|31.5|8764.4
4/27/2019 3:00|34|31.4|8805.6
4/27/2019 3:05|34|31.3|8841.8
4/27/2019 3:10|33|31.1|8804.8
4/27/2019 3:15|33|30.9|8837.2
4/27/2019 3:20|33|30.9|8791
4/27/2019 3:25|33|30.8|8668
4/27/2019 3:30|33|30.6|8685.2
4/27/2019 3:35|33|30.5|8755.4
4/27/2019 3:40|33|30.4|8555.8
4/27/2019 3:45|33|30.3|8557.8
4/27/2019 3:50|33|30.2|8586.6
4/27/2019 3:55|33|30.1|8608.4
4/27/2019 4:00|34|30.1|8647.8
4/27/2019 4:05|34|30.1|8703.8
4/27/2019 4:10|34|30.1|8747
4/27/2019 4:15|34|30|8709
4/27/2019 4:20|34|29.9|8745.4
4/27/2019 4:25|34|29.8|8589
4/27/2019 4:30|34|29.7|8289
4/27/2019 4:35|34|29.7|8263.6
4/27/2019 4:40|34|29.6|8219
4/27/2019 4:45|34|29.6|8259.4
4/27/2019 4:50|33|30.1|7916.4
4/27/2019 4:55|34|30.7|7954.4
4/27/2019 5:00|34|31.1|8796.2
4/27/2019 5:05|34|31.3|7359.8
4/27/2019 5:10|34|31.5|1718.2
4/27/2019 5:15|35|31.7|1709
4/27/2019 5:20|35|31.7|1706.6
4/27/2019 5:25|36|31.7|1697.2
4/27/2019 5:30|37|31.9|1698.2
4/27/2019 5:35|37|31.9|1694.4
4/27/2019 5:40|37|32|1703.4
4/27/2019 5:45|38|32|1696.2
4/27/2019 5:50|38|32.1|1840.4
4/27/2019 5:55|39|32.1|1890.4
4/27/2019 6:00|39|32.1|1878.8
4/27/2019 6:05|39|32.2|1882.2
4/27/2019 6:10|39|32.2|1873
4/27/2019 6:15|40|32.2|1874.8
4/27/2019 6:20|40|32.2|1869.8
4/27/2019 6:25|40|32.3|1879.2
4/27/2019 6:30|40|32.3|1865.2
4/27/2019 6:35|41|32.3|1854.8
4/27/2019 6:40|41|32.3|1850.6
4/27/2019 6:45|41|32.3|1844.8
4/27/2019 6:50|41|32.4|1844.2
4/27/2019 6:55|42|32.4|1854.4
4/27/2019 7:00|42|32.4|1857
4/27/2019 7:05|42|32.4|2014.4
4/27/2019 7:10|42|32.5|2110.2
4/27/2019 7:15|43|32.5|2127.6
4/27/2019 7:20|43|32.5|2128.8
4/27/2019 7:25|43|32.5|2115.6
4/27/2019 7:30|43|32.5|2120.6
4/27/2019 7:35|43|32.5|2101.6
4/27/2019 7:40|43|32.5|2080.8
4/27/2019 7:45|43|32.5|2083.4
4/27/2019 7:50|43|32.5|2145.4
4/27/2019 7:55|43|32.5|2153.6
4/27/2019 8:00|43|32.5|2133.8
4/27/2019 8:05|43|32.6|2128.4
4/27/2019 8:10|43|32.6|2127.6
4/27/2019 8:15|43|32.6|2133
4/27/2019 8:20|43|32.6|2119.4
4/27/2019 8:25|43|32.6|2131.8
4/27/2019 8:30|44|32.6|2175.2
4/27/2019 8:35|44|32.6|4515
4/27/2019 8:40|44|32.6|4610.8
4/27/2019 8:45|44|32.6|4439.8
4/27/2019 8:50|44|32.7|4337.6
4/27/2019 8:55|44|32.7|4376
4/27/2019 9:00|44|32.7|4314.2
4/27/2019 9:05|44|32.7|2859
4/27/2019 9:10|43|32.7|1696.6
4/27/2019 9:15|43|32.8|1688.4
4/27/2019 9:20|43|32.8|1724
4/27/2019 9:25|43|32.8|1724.6
4/27/2019 9:30|43|32.8|1715.4
4/27/2019 9:35|43|32.9|1706.6
4/27/2019 9:40|42|32.9|1732
4/27/2019 9:45|42|32.9|1709.4
4/27/2019 9:50|42|32.9|1715.4
4/27/2019 9:55|42|33|1719.2
4/27/2019 10:00|42|33|1744.2
4/27/2019 10:05|42|33.1|1724.2
4/27/2019 10:10|42|33.1|1713.2
4/27/2019 10:15|42|33.2|1712.8
4/27/2019 10:20|43|33.2|1717
4/27/2019 10:25|42|33.3|1728.2
4/27/2019 10:30|43|33.3|1707
4/27/2019 10:35|43|33.4|1727.2
4/27/2019 10:40|43|33.4|1721.2
4/27/2019 10:45|42|33.5|1684.8
4/27/2019 10:50|42|33.5|1682.8
4/27/2019 10:55|41|33.6|1683.8
4/27/2019 11:00|41|33.6|1664.4
4/27/2019 11:05|41|33.7|1662.2
4/27/2019 11:10|40|33.8|1681.6
4/27/2019 11:15|40|33.8|1737.2
4/27/2019 11:20|40|33.9|1703.6
4/27/2019 11:25|40|34|1462.6
4/27/2019 11:30|40|34.1|1433.8
4/27/2019 11:35|40|34.1|1440.6
4/27/2019 11:40|39|34.2|1469.2
4/27/2019 11:45|39|34.3|2946.4
4/27/2019 11:50|39|34.4|1463.4
4/27/2019 11:55|38|34.5|1439.4
4/27/2019 12:00|38|34.5|1609.6
4/27/2019 12:05|38|34.6|1630.2
4/27/2019 12:10|37|34.7|1649.2
4/27/2019 12:15|37|34.7|1674.2
4/27/2019 12:20|37|34.7|1675.4
4/27/2019 12:25|37|34.8|1674.8
4/27/2019 12:30|36|34.8|1621.2
4/27/2019 12:35|36|34.9|1623.6
4/27/2019 12:40|36|35.1|1726.4
4/27/2019 12:45|36|35.2|1723
4/27/2019 12:50|36|35.3|1251.8
4/27/2019 12:55|36|35.4|5013.8
4/27/2019 13:00|36|35.4|9309
4/27/2019 13:05|36|35.5|9643
4/27/2019 13:10|36|35.6|9844
4/27/2019 13:15|36|35.7|9461
4/27/2019 13:20|35|35.8|10165
4/27/2019 13:25|35|35.9|6081.6
4/27/2019 13:30|35|35.9|1737.6
4/27/2019 13:35|35|36|1722.4
4/27/2019 13:40|35|36.1|1727.2
4/27/2019 13:45|35|36.2|1714.4
4/27/2019 13:50|35|36.3|1713.6
4/27/2019 13:55|35|36.3|1718.6
4/27/2019 14:00|35|36.4|1696.4
4/27/2019 14:05|35|36.5|1696.8
4/27/2019 14:10|35|36.6|1684.4
4/27/2019 14:15|35|36.6|1689.2
4/27/2019 14:20|35|36.7|1690.8
4/27/2019 14:25|35|36.8|1680.6
4/27/2019 14:30|34|36.9|1668.4
4/27/2019 14:35|34|37|1662
4/27/2019 14:40|34|37.1|1653.6
4/27/2019 14:45|34|37.2|1647
4/27/2019 14:50|34|37.3|1634.6
4/27/2019 14:55|34|37.3|1742.8
4/27/2019 15:00|34|37.3|1647
4/27/2019 15:05|33|37.3|1694
4/27/2019 15:10|33|37.5|1825.8
4/27/2019 15:15|33|37.5|1843.4
4/27/2019 15:20|33|37.6|1836.6
4/27/2019 15:25|33|37.7|1820
4/27/2019 15:30|33|37.7|5601
4/27/2019 15:35|33|37.8|10031
4/27/2019 15:40|33|37.8|10469.8
4/27/2019 15:45|33|37.9|10471.6
4/27/2019 15:50|33|38|10510.6
4/27/2019 15:55|33|38|10554.4
4/27/2019 16:00|33|38.1|10616.2
4/27/2019 16:05|33|38.1|10541.2
4/27/2019 16:10|33|38.1|10468.2
4/27/2019 16:15|33|38.2|10622.4
4/27/2019 16:20|33|38.2|10692.8
4/27/2019 16:25|32|38.3|10770.2
4/27/2019 16:30|32|38.3|10684.4
4/27/2019 16:35|32|38.4|1878.8
4/27/2019 16:40|32|38.4|1607.2
4/27/2019 16:45|32|38.5|1583.6
4/27/2019 16:50|32|38.5|1586.8
4/27/2019 16:55|31|38.5|1586.6
4/27/2019 17:00|31|38.5|1589.8
4/27/2019 17:05|31|38.6|1584.4
4/27/2019 17:10|31|38.6|1578.8
4/27/2019 17:15|31|38.6|1573.2
4/27/2019 17:20|31|38.7|1567.6
4/27/2019 17:25|31|38.7|1611.8
4/27/2019 17:30|31|38.7|1510.6
4/27/2019 17:35|31|38.7|1403.4
4/27/2019 17:40|31|38.7|1409.8
4/27/2019 17:45|31|38.7|1402.8
4/27/2019 17:50|31|38.7|1444.8
4/27/2019 17:55|30|38.7|1498.6
4/27/2019 18:00|30|38.7|1508
4/27/2019 18:05|30|38.7|1615.2
4/27/2019 18:10|30|38.7|1706.2
4/27/2019 18:15|30|38.7|1718.4
4/27/2019 18:20|30|38.4|1734.8
4/27/2019 18:25|29|38.2|1728.4
4/27/2019 18:30|29|38|1704
4/27/2019 18:35|29|38|1739.8
4/27/2019 18:40|30|37.9|1958.8
4/27/2019 18:45|31|37.9|2146
4/27/2019 18:50|32|37.8|2137.2
4/27/2019 18:55|32|37.7|1921.8
4/27/2019 19:00|33|37.7|1954.2
4/27/2019 19:05|33|37.8|2040.4
4/27/2019 19:10|33|38|2042.6
4/27/2019 19:15|33|38.1|1780.6
4/27/2019 19:20|33|38.1|1758.6
4/27/2019 19:25|33|38.1|1533.4
4/27/2019 19:30|32|38.1|1527.8
4/27/2019 19:35|32|38.1|1530
4/27/2019 19:40|32|38.1|1534.8
4/27/2019 19:45|32|38.1|1540.4
4/27/2019 19:50|32|38.1|1538.4
4/27/2019 19:55|32|38|1541.6
4/27/2019 20:00|32|38|1534.8
4/27/2019 20:05|32|38|1541.6
4/27/2019 20:10|32|38|1539
4/27/2019 20:15|32|37.9|1535.8
4/27/2019 20:20|32|37.9|1544
4/27/2019 20:25|32|37.9|1559
4/27/2019 20:30|32|37.8|1548.6
4/27/2019 20:35|32|37.8|1544.6
4/27/2019 20:40|32|37.8|1543.8
4/27/2019 20:45|32|37.7|1546.6
4/27/2019 20:50|32|37.7|1540.4
4/27/2019 20:55|32|37.7|1540.6
4/27/2019 21:00|32|37.7|1537
4/27/2019 21:05|32|37.6|1535
4/27/2019 21:10|33|37.6|1497.2
4/27/2019 21:15|33|37.6|720.6
4/27/2019 21:20|33|37.5|713.8
4/27/2019 21:25|33|37.5|714.8
4/27/2019 21:30|33|37.5|712.4
4/27/2019 21:35|33|37.4|366
4/27/2019 21:40|33|37.4|534
4/27/2019 21:45|33|37.3|1533.4
4/27/2019 21:50|33|37.3|1545.8
4/27/2019 21:55|33|37.3|1532
4/27/2019 22:00|33|37.3|1507
4/27/2019 22:05|33|37.3|1531
4/27/2019 22:10|33|37.3|1515
4/27/2019 22:15|33|37.3|1509
4/27/2019 22:20|33|37.3|1501.2
4/27/2019 22:25|33|37.3|1522.4
4/27/2019 22:30|33|37.2|1525.6
4/27/2019 22:35|33|37.2|1453.8
4/27/2019 22:40|33|37.2|1450
4/27/2019 22:45|33|37.1|1442.4
4/27/2019 22:50|33|37.1|1512
4/27/2019 22:55|33|37.1|1521
4/27/2019 23:00|33|37|1538
4/27/2019 23:05|33|37|1534.6
4/27/2019 23:10|34|37|1524.8
4/27/2019 23:15|34|36.9|1510.6
4/27/2019 23:20|34|36.9|1513
4/27/2019 23:25|34|36.9|1520.6
4/27/2019 23:30|34|36.8|1509.8
4/27/2019 23:35|34|36.7|1501
4/27/2019 23:40|34|36.1|1533.2
4/27/2019 23:45|34|35.4|1928
4/27/2019 23:50|34|34.8|1952.8
4/27/2019 23:55|34|34.4|6088.8
4/28/2019 0:00|33|34|8591
4/28/2019 0:05|33|33.7|8725.6
4/28/2019 0:10|32|33.4|8673
4/28/2019 0:15|32|33.2|8575
4/28/2019 0:20|32|33|8524.8
4/28/2019 0:25|31|32.8|8608.2
4/28/2019 0:30|31|32.6|8747
4/28/2019 0:35|31|32.5|8612.2
4/28/2019 0:40|31|32.4|8546.6
4/28/2019 0:45|32|32.3|8635.6
4/28/2019 0:50|31|32.2|8679.4
4/28/2019 0:55|31|32.1|8768.4
4/28/2019 1:00|31|32|8747.8
4/28/2019 1:05|31|31.9|8673
4/28/2019 1:10|32|31.7|8676.2
4/28/2019 1:15|32|31.7|8738.8
4/28/2019 1:20|31|31.7|8758.2
4/28/2019 1:25|32|31.6|8788
4/28/2019 1:30|32|31.5|8767.8
4/28/2019 1:35|32|31.4|8693.8
4/28/2019 1:40|32|31.3|8743
4/28/2019 1:45|32|31.2|8761.6
4/28/2019 1:50|32|31.1|8761.8
4/28/2019 1:55|32|31|8766.2
4/28/2019 2:00|32|30.9|8704.6
4/28/2019 2:05|32|30.9|8733.8
4/28/2019 2:10|32|30.8|8733.8
4/28/2019 2:15|32|30.7|8710.2
4/28/2019 2:20|32|30.7|8716.4
4/28/2019 2:25|32|30.6|8723.6
4/28/2019 2:30|32|30.5|8728.8
4/28/2019 2:35|32|30.4|8696
4/28/2019 2:40|32|30.4|8756
4/28/2019 2:45|32|30.3|8731
4/28/2019 2:50|32|30.2|8679
4/28/2019 2:55|32|30.1|8731.8
4/28/2019 3:00|32|29.9|8710.8
4/28/2019 3:05|32|29.8|8739.4
4/28/2019 3:10|32|29.8|8731.4
4/28/2019 3:15|32|29.8|8596.6
4/28/2019 3:20|32|29.7|8488.6
4/28/2019 3:25|32|29.6|8650.6
4/28/2019 3:30|32|29.5|8706.4
4/28/2019 3:35|33|29.5|8710.2
4/28/2019 3:40|33|29.4|8617.8
4/28/2019 3:45|32|29.6|8530.2
4/28/2019 3:50|33|30.4|8658.8
4/28/2019 3:55|33|30.9|8693.6
4/28/2019 4:00|33|31.3|8747.8
4/28/2019 4:05|34|31.6|3731.8
4/28/2019 4:10|34|31.7|1640.6
4/28/2019 4:15|35|31.7|1673.8
4/28/2019 4:20|35|31.9|1670.6
4/28/2019 4:25|36|32|1679.2
4/28/2019 4:30|36|31.5|1677
4/28/2019 4:35|35|30.8|1673
4/28/2019 4:40|35|30.3|1684
4/28/2019 4:45|34|29.9|2799.4
4/28/2019 4:50|33|29.7|8382.2
4/28/2019 4:55|33|29.4|8399.2
4/28/2019 5:00|33|29.2|8365.6
4/28/2019 5:05|33|29.1|8367.8
4/28/2019 5:10|33|28.9|8415
4/28/2019 5:15|33|28.8|8477.8
4/28/2019 5:20|33|29.3|8406.8
4/28/2019 5:25|33|30|8355.4
4/28/2019 5:30|33|30.4|8312.6
4/28/2019 5:35|34|30.7|7989
4/28/2019 5:40|34|31|879.8
4/28/2019 5:45|35|31.1|883
4/28/2019 5:50|35|31.2|881.8
4/28/2019 5:55|36|31.3|854.2
4/28/2019 6:00|36|31.4|349.2
4/28/2019 6:05|37|31.5|1212
4/28/2019 6:10|37|31.5|1682.2
4/28/2019 6:15|38|31.5|1683.2
4/28/2019 6:20|39|31.6|1688.2
4/28/2019 6:25|39|31.6|1716.6
4/28/2019 6:30|40|31.7|1884.4
4/28/2019 6:35|40|31.7|1877
4/28/2019 6:40|40|31.7|1868.2
4/28/2019 6:45|41|31.7|1865
4/28/2019 6:50|41|31.7|1865.2
4/28/2019 6:55|41|31.7|1860.6
4/28/2019 7:00|42|31.7|1856
4/28/2019 7:05|42|31.7|1849.6
4/28/2019 7:10|42|31.8|1856.4
4/28/2019 7:15|43|31.8|1868.4
4/28/2019 7:20|43|31.9|1866.6
4/28/2019 7:25|43|31.9|1871
4/28/2019 7:30|43|31.9|1895.8
4/28/2019 7:35|43|31.9|1821.4
4/28/2019 7:40|44|32|1819.2
4/28/2019 7:45|44|32|1828.8
4/28/2019 7:50|45|32|1821.6
4/28/2019 7:55|45|32|1829.8
4/28/2019 8:00|46|32.1|1858.8
4/28/2019 8:05|46|32.1|1894.4
4/28/2019 8:10|48|32.2|1888.8
4/28/2019 8:15|48|32.2|2722
4/28/2019 8:20|48|32.2|2528.2
4/28/2019 8:25|48|32.2|1779.2
4/28/2019 8:30|48|32.2|1781.4
4/28/2019 8:35|48|32.3|1900.6
4/28/2019 8:40|48|32.3|1951.2
4/28/2019 8:45|48|32.3|2996.2
4/28/2019 8:50|48|32.3|2492.6
4/28/2019 8:55|48|32.3|2031.4
4/28/2019 9:00|48|32.3|1809.8
4/28/2019 9:05|48|32.3|1726.6
4/28/2019 9:10|48|32.3|2733.6
4/28/2019 9:15|48|32.4|1819.6
4/28/2019 9:20|47|32.4|1980.8
4/28/2019 9:25|47|32.4|1986.6
4/28/2019 9:30|46|32.4|2021.2
4/28/2019 9:35|46|32.4|2019.4
4/28/2019 9:40|46|32.5|2046.8
4/28/2019 9:45|46|32.5|2016
4/28/2019 9:50|46|32.5|1762.2
4/28/2019 9:55|46|32.5|1791.2
4/28/2019 10:00|45|32.6|1672.8
4/28/2019 10:05|45|32.6|1495
4/28/2019 10:10|45|32.6|1582.4
4/28/2019 10:15|45|32.6|1564.2
4/28/2019 10:20|45|32.6|1573.4
4/28/2019 10:25|45|32.6|1568.6
4/28/2019 10:30|45|32.7|1573.4
4/28/2019 10:35|44|32.7|1579.4
4/28/2019 10:40|44|32.7|1572.8
4/28/2019 10:45|44|32.7|1586.4
4/28/2019 10:50|44|32.7|1575.4
4/28/2019 10:55|44|32.8|1557.2
4/28/2019 11:00|44|32.8|1573.2
4/28/2019 11:05|44|32.8|1570.6
4/28/2019 11:10|44|32.8|1566.6
4/28/2019 11:15|44|32.9|1561.8
4/28/2019 11:20|44|32.9|1560
4/28/2019 11:25|43|32.9|1570.2
4/28/2019 11:30|43|32.9|1560.8
4/28/2019 11:35|43|33|1559.6
4/28/2019 11:40|43|33|1560.4
4/28/2019 11:45|43|33|1562
4/28/2019 11:50|43|33.1|1559.4
4/28/2019 11:55|43|33.1|1552.4
4/28/2019 12:00|43|33.1|1549.4
4/28/2019 12:05|43|33.2|1556.6
4/28/2019 12:10|43|33.2|1551.4
4/28/2019 12:15|42|33.2|1551.2
4/28/2019 12:20|42|33.3|1556.8
4/28/2019 12:25|42|33.3|1562.2
4/28/2019 12:30|42|33.4|1560
4/28/2019 12:35|42|33.4|1561.2
4/28/2019 12:40|42|33.5|1560.6
4/28/2019 12:45|42|33.5|1556.6
4/28/2019 12:50|42|33.6|1561.4
4/28/2019 12:55|41|33.6|1558.6
4/28/2019 13:00|41|33.6|1555.2
4/28/2019 13:00|41|33.6|1555.2
4/28/2019 13:05|41|33.7|1554.6
4/28/2019 13:10|41|33.7|1559.8
4/28/2019 13:15|41|33.8|1564.6
4/28/2019 13:20|41|33.8|1565
4/28/2019 13:25|41|33.9|1567.2
4/28/2019 13:30|41|33.9|1575.8
4/28/2019 13:35|40|34|1570.8
4/28/2019 13:40|40|34|1578.4
4/28/2019 13:45|40|34.1|1582.2
4/28/2019 13:50|40|34.2|1587.8
4/28/2019 13:55|40|34.3|1629.2
4/28/2019 14:00|40|34.4|864.8
4/28/2019 14:05|40|34.5|674.4
4/28/2019 14:10|39|34.5|676.6
4/28/2019 14:15|39|34.6|615.8
4/28/2019 14:20|39|34.7|174.6
4/28/2019 14:25|39|34.7|1292.6
4/28/2019 14:30|39|34.8|1586.6
4/28/2019 14:35|39|34.9|1578.2
4/28/2019 14:40|39|35|1560.8
4/28/2019 14:45|39|35.1|1558.4
4/28/2019 14:50|39|35.1|1550.2
4/28/2019 14:55|39|35.2|1548.4
4/28/2019 15:00|39|35.3|1548.4
4/28/2019 15:05|39|35.4|1548.6
4/28/2019 15:10|39|35.4|1539.8
4/28/2019 15:15|39|35.5|1532.2
4/28/2019 15:20|38|35.6|1543.4
4/28/2019 15:25|38|35.6|1536.4
4/28/2019 15:30|38|35.7|1528.8
4/28/2019 15:35|38|35.8|1531.2
4/28/2019 15:40|38|35.8|1528.4
4/28/2019 15:45|38|35.9|1528.8
4/28/2019 15:50|38|36|1534.4
4/28/2019 15:55|38|36|1525.4
4/28/2019 16:00|38|36.1|1520.4
4/28/2019 16:05|38|36.1|1527.8
4/28/2019 16:10|38|36.2|1528
4/28/2019 16:15|38|36.3|1522.4
4/28/2019 16:20|37|36.3|1539.6
4/28/2019 16:25|37|36.4|1537
4/28/2019 16:30|37|36.4|1533.8
4/28/2019 16:35|37|36.5|1528
4/28/2019 16:40|37|36.5|1521
4/28/2019 16:45|37|36.5|1515.6
4/28/2019 16:50|37|36.6|1519.6
4/28/2019 16:55|37|36.6|1525.4
4/28/2019 17:00|37|36.7|1528.2
4/28/2019 17:05|37|36.7|1531.2
4/28/2019 17:10|37|36.7|1532.4
4/28/2019 17:15|37|36.8|1531.6
4/28/2019 17:20|37|36.8|1537.4
4/28/2019 17:25|37|36.8|1538.6
4/28/2019 17:30|37|36.8|1541.4
4/28/2019 17:35|37|36.9|1538.4
4/28/2019 17:40|37|36.9|1541
4/28/2019 17:45|37|36.9|1529.2
4/28/2019 17:50|37|36.9|1535.4
4/28/2019 17:55|37|36.9|1531.2
4/28/2019 18:00|37|36.9|1534.4
4/28/2019 18:05|37|37|1536.4
4/28/2019 18:10|37|37|1545.8
4/28/2019 18:15|37|37|1546.4
4/28/2019 18:20|37|37|1552.8
4/28/2019 18:25|37|37|1535.4
4/28/2019 18:30|37|37|1560
4/28/2019 18:35|37|37|1561.2
4/28/2019 18:40|37|37|1554.6
4/28/2019 18:45|37|37|1546.6
4/28/2019 18:50|37|37|1553.6
4/28/2019 18:55|37|37|1540.2
4/28/2019 19:00|37|37|1571.4
4/28/2019 19:05|36|37|1593.6
4/28/2019 19:10|36|37|1553.2
4/28/2019 19:15|37|36.9|1594.6
4/28/2019 19:20|37|36.9|1729.4
4/28/2019 19:25|37|36.9|1745
4/28/2019 19:30|36|36.9|1749.8
4/28/2019 19:35|36|36.9|1752
4/28/2019 19:40|36|36.9|1712.6
4/28/2019 19:45|36|36.9|1701
4/28/2019 19:50|36|36.9|1752
4/28/2019 19:55|36|36.9|1745
4/28/2019 20:00|37|36.9|1716.6
4/28/2019 20:05|37|36.8|1757.4
4/28/2019 20:10|37|36.8|1746.8
4/28/2019 20:15|37|36.8|1756.8
4/28/2019 20:20|37|36.8|1754.4
4/28/2019 20:25|36|36.8|1748.8
4/28/2019 20:30|36|36.8|1748.6
4/28/2019 20:35|36|36.8|1756.8
4/28/2019 20:40|36|36.7|1911.4
4/28/2019 20:45|36|36.7|1977.2
4/28/2019 20:50|36|36.7|1967.2
4/28/2019 20:55|36|36.7|1984
4/28/2019 21:00|36|36.7|1973.6
4/28/2019 21:05|36|36.7|1978.8
4/28/2019 21:10|36|36.6|1962.8
4/28/2019 21:15|36|36.6|2020.8
4/28/2019 21:20|36|36.6|2004.6
4/28/2019 21:25|36|36.6|1980.6
4/28/2019 21:30|36|36.6|1978.6
4/28/2019 21:35|36|36.6|1986.8
4/28/2019 21:40|36|36.5|1983.6
4/28/2019 21:45|36|36.5|1920.6
4/28/2019 21:50|36|36.5|1913.4
4/28/2019 21:55|36|36.5|1913.2
4/28/2019 22:00|36|36.5|1918.8
4/28/2019 22:05|36|36.5|1911.6
4/28/2019 22:10|36|36.4|1898.8
4/28/2019 22:15|36|36.4|1882.4
4/28/2019 22:20|36|36.4|1331.2
4/28/2019 22:25|36|36.4|1331.2
4/28/2019 22:30|36|36.4|1327.6
4/28/2019 22:35|36|36.3|1329.8
4/28/2019 22:40|36|36.3|1107.4
4/28/2019 22:45|36|36.3|816.2
4/28/2019 22:50|37|36.3|1943.2
4/28/2019 22:55|37|36.3|1941.6
4/28/2019 23:00|37|36.2|1924.6
4/28/2019 23:05|37|36.2|1909
4/28/2019 23:10|37|36.2|1893.2
4/28/2019 23:15|37|36.2|1883.4
4/28/2019 23:20|37|36.2|1867.6
4/28/2019 23:25|37|36.1|1854.4
4/28/2019 23:30|37|36.1|1855
4/28/2019 23:35|37|36.1|1866.8
4/28/2019 23:40|37|36.1|1862.4
4/28/2019 23:45|37|36|1868.2
4/28/2019 23:50|37|35.9|1864.2
4/28/2019 23:55|37|35.2|1779.4
4/29/2019 0:00|36|34.7|1708.8
4/29/2019 0:05|36|34.2|1747.2
4/29/2019 0:10|36|33.8|5940.8
4/29/2019 0:15|35|33.5|8590.6
4/29/2019 0:20|35|33.2|8829.4
4/29/2019 0:25|34|33|8755.6
4/29/2019 0:30|34|32.7|8741.2
4/29/2019 0:35|34|32.5|8759
4/29/2019 0:40|34|32.3|8755.6
4/29/2019 0:45|33|32.1|8606
4/29/2019 0:50|34|32.1|8661
4/29/2019 0:55|34|31.9|8651
4/29/2019 1:00|34|31.7|8598
4/29/2019 1:05|33|31.7|8771.8
4/29/2019 1:10|34|31.6|8802.8
4/29/2019 1:15|34|31.6|8626.8
4/29/2019 1:20|34|31.4|8690.2
4/29/2019 1:25|34|31.3|8751.2
4/29/2019 1:30|34|31.3|8746.4
4/29/2019 1:35|34|31.2|8746
4/29/2019 1:40|34|31.1|8678
4/29/2019 1:45|34|31|8734.6
4/29/2019 1:50|34|30.9|8757.6
4/29/2019 1:55|34|30.8|8779.8
4/29/2019 2:00|34|30.6|8774.4
4/29/2019 2:05|35|30.6|8678
4/29/2019 2:10|35|30.6|8561.6
4/29/2019 2:15|35|30.5|8531.4
4/29/2019 2:20|35|30.3|8648.6
4/29/2019 2:25|35|30.3|8741.8
4/29/2019 2:30|35|30.1|8660
4/29/2019 2:35|35|30.1|8574.2
4/29/2019 2:40|35|30|8561.2
4/29/2019 2:45|35|30|8567.6
4/29/2019 2:50|35|29.9|8484.4
4/29/2019 2:55|36|29.9|8552.2
4/29/2019 3:00|36|29.9|8571.8
4/29/2019 3:05|36|29.8|8633.2
4/29/2019 3:10|36|29.8|8691.6
4/29/2019 3:15|36|29.8|8730.8
4/29/2019 3:20|36|29.7|8724.2
4/29/2019 3:25|36|29.7|8754.6
4/29/2019 3:30|36|29.7|8761.8
4/29/2019 3:35|36|29.6|8751.2
4/29/2019 3:40|37|29.5|8751.4
4/29/2019 3:45|36|29.5|8786.8
4/29/2019 3:50|36|29.4|8793.4
4/29/2019 3:55|37|29.3|8783.4
4/29/2019 4:00|37|29.3|8772.4
4/29/2019 4:05|37|29.2|8824
4/29/2019 4:10|37|29.2|8786.2
4/29/2019 4:15|37|29.1|8788
4/29/2019 4:20|37|29.1|8810.8
4/29/2019 4:25|37|29|8836.4
4/29/2019 4:30|36|28.9|8797.6
4/29/2019 4:35|36|28.8|8800.2
4/29/2019 4:40|36|28.6|8745.6
4/29/2019 4:45|36|28.6|8572
4/29/2019 4:50|36|28.5|8577.2
4/29/2019 4:55|36|28.4|8591.8
4/29/2019 5:00|37|28.4|8618.4
4/29/2019 5:05|37|29|8615.2
4/29/2019 5:10|37|29.7|8647
4/29/2019 5:15|38|30.1|8592.2
4/29/2019 5:20|39|30.3|7861.8
4/29/2019 5:25|39|30.5|1677
4/29/2019 5:30|40|30.7|1667.6
4/29/2019 5:35|40|30.8|1666
4/29/2019 5:40|41|30.9|1667
4/29/2019 5:45|42|30.9|1659.4
4/29/2019 5:50|42|31|1657.6
4/29/2019 5:55|43|31.1|1652.8
4/29/2019 6:00|43|31.1|1660
4/29/2019 6:05|44|31.1|1655.6
4/29/2019 6:10|44|31.2|1655.4
4/29/2019 6:15|45|31.2|1649.2
4/29/2019 6:20|45|31.3|1650.4
4/29/2019 6:25|45|31.3|1826
4/29/2019 6:30|46|31.3|1843.8
4/29/2019 6:35|46|31.4|1842
4/29/2019 6:40|47|31.4|1611.4
4/29/2019 6:45|47|31.4|1243
4/29/2019 6:50|47|31.5|1237.6
4/29/2019 6:55|48|31.5|1240.4
4/29/2019 7:00|48|31.5|1342.6
4/29/2019 7:05|48|31.5|813.6
4/29/2019 7:10|48|31.6|1130.6
4/29/2019 7:15|48|31.6|1885
4/29/2019 7:20|49|31.6|1898.2
4/29/2019 7:25|49|31.6|1894.2
4/29/2019 7:30|49|31.6|1869.6
4/29/2019 7:35|49|31.7|1817.6
4/29/2019 7:40|49|31.7|2205.8
4/29/2019 7:45|49|31.7|2152
4/29/2019 7:50|50|31.7|1812.6
4/29/2019 7:55|50|31.7|1853.8
4/29/2019 8:00|50|31.7|1846
4/29/2019 8:05|50|31.7|1843.2
4/29/2019 8:10|50|31.7|1868.6
4/29/2019 8:15|50|31.7|1868.2
4/29/2019 8:20|50|31.7|1872.4
4/29/2019 8:25|50|31.8|1855.4
4/29/2019 8:30|51|31.8|1865.8
4/29/2019 8:35|50|31.9|1731.4
4/29/2019 8:40|50|31.9|1708.6
4/29/2019 8:45|50|31.9|1726.6
4/29/2019 8:50|50|32|1734.2
4/29/2019 8:55|50|32|1656.6
4/29/2019 9:00|50|32|1631.8
4/29/2019 9:05|50|32|3783
4/29/2019 9:10|50|32.1|4301.6
4/29/2019 9:15|49|32.1|4326.4
4/29/2019 9:20|49|32.2|4348.4
4/29/2019 9:25|48|32.2|4290.6
4/29/2019 9:30|48|32.2|2304.6
4/29/2019 9:35|48|32.3|1726.4
4/29/2019 9:40|47|32.3|1713
4/29/2019 9:45|47|32.4|1708.8
4/29/2019 9:50|46|32.4|1711.6
4/29/2019 9:55|46|32.5|1890.6
4/29/2019 10:00|46|32.5|1936.8
4/29/2019 10:05|46|32.5|1868.8
4/29/2019 10:10|45|32.6|2008.4
4/29/2019 10:15|45|32.6|2723.8
4/29/2019 10:20|45|32.7|2819.8
4/29/2019 10:25|46|32.7|2141.4
4/29/2019 10:30|45|32.8|2427
4/29/2019 10:35|45|32.8|2252
4/29/2019 10:40|45|32.9|2395.2
4/29/2019 10:45|45|32.9|2477.2
4/29/2019 10:50|45|33|1632.8
4/29/2019 10:55|44|33.1|1637.4
4/29/2019 11:00|44|33.1|1636
4/29/2019 11:05|44|33.2|1614.6
4/29/2019 11:10|44|33.2|1601.2
4/29/2019 11:15|43|33.3|1596.4
4/29/2019 11:20|43|33.4|1618
4/29/2019 11:25|43|33.5|1598
4/29/2019 11:30|42|33.6|1612.4
4/29/2019 11:35|42|33.6|1611.4
4/29/2019 11:40|41|33.7|1602.8
4/29/2019 11:45|41|33.8|1634.4
4/29/2019 11:50|41|33.9|1645.6
4/29/2019 11:55|40|33.9|1653.8
4/29/2019 12:00|40|34|1624
4/29/2019 12:05|40|34|1641.8
4/29/2019 12:10|40|34.1|1643.2
4/29/2019 12:15|40|34.2|1638.8
4/29/2019 12:20|39|34.3|1612.8
4/29/2019 12:25|39|34.5|1610
4/29/2019 12:30|39|34.6|1620.2
4/29/2019 12:35|38|34.7|1659
4/29/2019 12:40|38|34.8|1505.4
4/29/2019 12:45|38|34.9|1511.6
4/29/2019 12:50|38|34.9|1507.2
4/29/2019 12:55|38|35|1494.6
4/29/2019 13:00|38|35.1|1443.8
4/29/2019 13:05|38|35.2|1433.4
4/29/2019 13:10|38|35.3|1441.6
4/29/2019 13:15|38|35.4|1450.6
4/29/2019 13:20|38|35.4|1452
4/29/2019 13:25|38|35.6|1640.6
4/29/2019 13:30|37|35.7|1679.6
4/29/2019 13:35|37|35.7|1672.4
4/29/2019 13:40|37|35.8|1671
4/29/2019 13:45|36|35.9|3691.8
4/29/2019 13:50|36|36|9750.8
4/29/2019 13:55|35|36.1|10417.2
4/29/2019 14:00|35|36.2|10477.4
4/29/2019 14:05|35|36.3|10536.2
4/29/2019 14:10|34|36.4|10493.6
4/29/2019 14:15|34|36.5|10543.4
4/29/2019 14:20|34|36.5|10504.8
4/29/2019 14:25|34|36.6|5914.2
4/29/2019 14:30|34|36.7|1531.6
4/29/2019 14:35|34|36.8|1528.4
4/29/2019 14:40|34|36.9|1523.6
4/29/2019 14:45|34|37|1590
4/29/2019 14:50|34|37.1|1515
4/29/2019 14:55|34|37.1|1477.6
4/29/2019 15:00|34|37.3|1643.4
4/29/2019 15:05|34|37.3|1411.4
4/29/2019 15:10|34|37.3|1324
4/29/2019 15:15|33|37.4|1132.2
4/29/2019 15:20|33|37.5|951.8
4/29/2019 15:25|33|37.3|742.2
4/29/2019 15:30|34|37.2|472.2
4/29/2019 15:35|34|37.1|1595
4/29/2019 15:40|34|37.2|1685.6
4/29/2019 15:45|34|37.2|1871.4
4/29/2019 15:50|35|37.3|1851.2
4/29/2019 15:55|35|37.3|1825.2
4/29/2019 16:00|35|37.3|1813.6
4/29/2019 16:05|35|37.3|1809.4
4/29/2019 16:10|35|37.3|1815
4/29/2019 16:15|35|37.4|1805.4
4/29/2019 16:20|35|37.4|1797.2
4/29/2019 16:25|35|37.5|1816.2
4/29/2019 16:30|35|37.5|5253.2
4/29/2019 16:35|35|37.5|10413.8
4/29/2019 16:40|35|37.6|10885.8
4/29/2019 16:45|35|37.6|10955.6
4/29/2019 16:50|35|37.6|11007.2
4/29/2019 16:55|35|37.6|10990.8
4/29/2019 17:00|35|37.7|2130
4/29/2019 17:05|34|37.7|1840.2
4/29/2019 17:10|34|37.7|1839
4/29/2019 17:15|34|37.8|1820
4/29/2019 17:20|34|38|1628.4
4/29/2019 17:25|34|38.2|1626.2
4/29/2019 17:30|34|38.2|1633.8
4/29/2019 17:35|34|38.3|1681.2
4/29/2019 17:40|34|38.3|1586.4
4/29/2019 17:45|34|38.3|1547
4/29/2019 17:50|33|38.4|1543.4
4/29/2019 17:55|33|38.4|1545.8
4/29/2019 18:00|33|38.4|1544
4/29/2019 18:05|33|38.4|1545
4/29/2019 18:10|32|38.4|1569
4/29/2019 18:15|32|38.4|1787.8
4/29/2019 18:20|32|38.4|1785.2
4/29/2019 18:25|32|38.4|1792
4/29/2019 18:30|32|38.4|1783.6
4/29/2019 18:35|32|38.4|1638.6
4/29/2019 18:40|32|38.4|1535.6
4/29/2019 18:45|32|38.4|1529.4
4/29/2019 18:50|32|38.4|1524.6
4/29/2019 18:55|32|38.4|1556.2
4/29/2019 19:00|32|38.4|1559.4
4/29/2019 19:05|33|38.1|1578
4/29/2019 19:10|33|37.9|2459
4/29/2019 19:15|33|37.9|1724.6
4/29/2019 19:20|33|38|1725
4/29/2019 19:25|33|38.1|2144.2
4/29/2019 19:30|33|38.2|2154.8
4/29/2019 19:35|33|38.2|1822.4
4/29/2019 19:40|33|38.2|1829
4/29/2019 19:45|33|38.2|1807.2
4/29/2019 19:50|33|38.2|1803.6
4/29/2019 19:55|33|38.2|1803.6
4/29/2019 20:00|33|38.2|1799.8
4/29/2019 20:05|33|38.1|1802.2
4/29/2019 20:10|33|38.1|1846.8
4/29/2019 20:15|34|38.1|2048.8
4/29/2019 20:20|34|38.1|2069.2
4/29/2019 20:25|34|38.1|1814.2
4/29/2019 20:30|34|38.1|1708.8
4/29/2019 20:35|34|38|1764.6
4/29/2019 20:40|34|38|1760.4
4/29/2019 20:45|34|38|1753.2
4/29/2019 20:50|34|38|1749.4
4/29/2019 20:55|34|38|1757.8
4/29/2019 21:00|34|37.9|1758.6
4/29/2019 21:05|35|37.9|1801.2
4/29/2019 21:10|35|37.9|1889.6
4/29/2019 21:15|35|37.9|1813.4
4/29/2019 21:20|34|37.8|1824.4
4/29/2019 21:25|35|37.5|1837
4/29/2019 21:30|35|37.5|1819.8
4/29/2019 21:35|36|37.6|1804
4/29/2019 21:40|36|37.6|1848.6
4/29/2019 21:45|36|37.6|2053.6
4/29/2019 21:50|36|37.6|1778
4/29/2019 21:55|35|37.6|1754.8
4/29/2019 22:00|35|37.6|1776.8
4/29/2019 22:05|35|37.6|1818.8
4/29/2019 22:10|35|37.5|1795.8
4/29/2019 22:15|35|37.5|1817
4/29/2019 22:20|35|37.5|1801.2
4/29/2019 22:25|35|37.5|1862.8
4/29/2019 22:30|35|37.5|1822.4
4/29/2019 22:35|35|37.4|1664.8
4/29/2019 22:40|36|37.4|1661.2
4/29/2019 22:45|36|37.4|1625.8
4/29/2019 22:50|36|37.3|1607
4/29/2019 22:55|36|37.3|1592.2
4/29/2019 23:00|36|37.3|1557.8
4/29/2019 23:05|36|37.3|1804
4/29/2019 23:10|36|37.3|1812.2
4/29/2019 23:15|36|37.3|1779.2
4/29/2019 23:20|36|37.3|1815.2
4/29/2019 23:25|36|37.3|1642.2
4/29/2019 23:30|36|36.6|1425.8
4/29/2019 23:35|36|36|1532
4/29/2019 23:40|37|35.8|1586.8
4/29/2019 23:45|36|35.2|1656.8
4/29/2019 23:50|36|34.9|8354.2
4/29/2019 23:55|36|34.6|8307.6
4/30/2019 0:00|36|34.4|8654
4/30/2019 0:05|35|34.2|9232.8
4/30/2019 0:10|35|34|9478.4
4/30/2019 0:15|35|33.9|9491.4
4/30/2019 0:20|35|33.8|9495.2
4/30/2019 0:25|35|33.6|9482.2
4/30/2019 0:30|34|33.5|9466
4/30/2019 0:35|34|33.3|9472
4/30/2019 0:40|34|33.1|9540.2
4/30/2019 0:45|34|33|9535.4
4/30/2019 0:50|34|32.8|9492.6
4/30/2019 0:55|34|32.7|9527.6
4/30/2019 1:00|34|32.6|9555.8
4/30/2019 1:05|34|32.5|9669
4/30/2019 1:10|34|32.2|9668.2
4/30/2019 1:15|34|32.1|9590.6
4/30/2019 1:20|34|32|9579.4
4/30/2019 1:25|34|32|9471.6
4/30/2019 1:30|34|31.9|9425.8
4/30/2019 1:35|34|31.8|9540.6
4/30/2019 1:40|34|31.7|9669.2
4/30/2019 1:45|34|31.7|9666.2
4/30/2019 1:50|34|31.7|9609
4/30/2019 1:55|34|31.6|9351.8
4/30/2019 2:00|34|31.5|8682.4
4/30/2019 2:05|34|31.4|8706
4/30/2019 2:10|34|31.3|8705.6
4/30/2019 2:15|34|31.2|8735.4
4/30/2019 2:20|35|31.2|8738.6
4/30/2019 2:25|34|31.1|8756.6
4/30/2019 2:30|34|31.1|8701.2
4/30/2019 2:35|34|31|8724.6
4/30/2019 2:40|35|30.9|8761.4
4/30/2019 2:45|35|30.8|8808.8
4/30/2019 2:50|35|30.7|8744.4
4/30/2019 2:55|35|30.7|8684.6
4/30/2019 3:00|35|30.6|8708.6
4/30/2019 3:05|35|30.5|8708.6
4/30/2019 3:10|35|30.4|8689.8
4/30/2019 3:15|35|30.4|8738.6
4/30/2019 3:20|35|30.3|8693.6
4/30/2019 3:25|35|30.2|8692.8
4/30/2019 3:30|35|30.7|8663.2
4/30/2019 3:35|35|31.4|8621.4
4/30/2019 3:40|35|31.7|8645.4
4/30/2019 3:45|35|32.1|8688.2
4/30/2019 3:50|37|32.3|2109.2
4/30/2019 3:55|38|32.3|1681
4/30/2019 4:00|39|32.5|1678.8
4/30/2019 4:05|39|32.5|1675.6
4/30/2019 4:10|40|32.6|1849.6
4/30/2019 4:15|40|32.7|1903.2
4/30/2019 4:20|41|32.7|1900.2
4/30/2019 4:25|41|32.8|1905.4
4/30/2019 4:30|41|32.8|1909.4
4/30/2019 4:35|41|32.9|1908.8
4/30/2019 4:40|42|32.9|1912.4
4/30/2019 4:45|42|32.9|1908.8
4/30/2019 4:50|42|33|1912.2
4/30/2019 4:55|42|33|1911.4
4/30/2019 5:00|42|33|1913.2
4/30/2019 5:05|42|33|1912.4
4/30/2019 5:10|42|33|1912.4
4/30/2019 5:15|43|33|1911
4/30/2019 5:20|43|33.1|1922.2
4/30/2019 5:25|42|32.6|1918.8
4/30/2019 5:30|40|32|1917
4/30/2019 5:35|39|31.6|1929
4/30/2019 5:40|38|31.2|2386.6
4/30/2019 5:45|37|30.9|8310.4
4/30/2019 5:50|37|30.7|8514.6
4/30/2019 5:55|36|30.5|8544.2
4/30/2019 6:00|36|30.3|8534.2
4/30/2019 6:05|36|30.8|8530.4
4/30/2019 6:10|36|31.4|8508.2
4/30/2019 6:15|37|31.7|8543.6
4/30/2019 6:20|37|31.8|7634.4
4/30/2019 6:25|38|32|1661.4
4/30/2019 6:30|38|32.1|1657.8
4/30/2019 6:35|39|32.2|1735.4
4/30/2019 6:40|40|32.3|1747
4/30/2019 6:45|40|32.3|1742.6
4/30/2019 6:50|41|32.3|1670
4/30/2019 6:55|41|32.4|1617.4
4/30/2019 7:00|42|32.5|1613
4/30/2019 7:05|43|32.5|1608.8
4/30/2019 7:10|43|32.5|1612.2
4/30/2019 7:15|43|32.5|1611
4/30/2019 7:20|44|32.5|1666.6
4/30/2019 7:25|44|32.5|1859.4
4/30/2019 7:30|44|32.5|1927.4
4/30/2019 7:35|45|32.6|1954.6
4/30/2019 7:40|45|32.6|1974
4/30/2019 7:45|45|32.6|1958.2
4/30/2019 7:50|45|32.6|1961.4
4/30/2019 7:55|46|32.6|1519
4/30/2019 8:00|46|32.6|1341
4/30/2019 8:05|46|32.6|1237.6
4/30/2019 8:10|46|32.7|1255.2
4/30/2019 8:15|47|32.7|1252.8
4/30/2019 8:20|47|32.7|780
4/30/2019 8:25|47|32.7|1214.4
4/30/2019 8:30|48|32.8|1785.4
4/30/2019 8:35|48|32.8|1799
4/30/2019 8:40|48|32.8|1796.4
4/30/2019 8:45|49|32.8|1806.6
4/30/2019 8:50|49|32.9|1755
4/30/2019 8:55|49|32.9|1734.2
4/30/2019 9:00|49|32.9|1731.4
4/30/2019 9:05|49|32.9|1749
4/30/2019 9:10|49|32.9|1673.4
4/30/2019 9:15|49|33|1684.6
4/30/2019 9:20|49|33|1738
4/30/2019 9:25|50|33.1|1817.6
4/30/2019 9:30|50|33.1|3572.2
4/30/2019 9:35|50|33.1|4240.6
4/30/2019 9:40|50|33.2|2737.2
4/30/2019 9:45|50|33.2|1714.6
4/30/2019 9:50|51|33.3|1660.6
4/30/2019 9:55|51|33.3|1733.4
4/30/2019 10:00|50|33.4|1748
4/30/2019 10:05|50|33.4|1740.6
4/30/2019 10:10|50|33.4|1786.4
4/30/2019 10:15|50|33.5|1730.6
4/30/2019 10:20|49|33.6|1685.4
4/30/2019 10:25|49|33.6|1669.8
4/30/2019 10:30|49|33.7|1681.6
4/30/2019 10:35|48|33.7|1677.2
4/30/2019 10:40|48|33.8|1907
4/30/2019 10:45|47|33.9|1763.2
4/30/2019 10:50|47|33.9|1723.6
4/30/2019 10:55|46|34|1711.8
4/30/2019 11:00|46|34.1|1533.4
4/30/2019 11:05|46|34.2|1555.6
4/30/2019 11:10|45|34.3|1566
4/30/2019 11:15|45|34.4|1556.2
4/30/2019 11:20|45|34.4|1567.6
4/30/2019 11:25|45|34.5|1553
4/30/2019 11:30|45|34.5|1558.4
4/30/2019 11:35|45|34.6|1549.8
4/30/2019 11:40|45|34.7|1550.4
4/30/2019 11:45|45|34.8|1553.8
4/30/2019 11:50|45|34.8|1562.4
4/30/2019 11:55|44|34.9|1798.6
4/30/2019 12:00|45|35|9049.4
4/30/2019 12:05|45|34.9|9963.2
4/30/2019 12:10|45|35|10249.6
4/30/2019 12:15|45|35.1|11529.6
4/30/2019 12:20|45|35.1|10483.2
4/30/2019 12:25|45|35.2|10608.6
4/30/2019 12:30|45|35.3|10358.2
4/30/2019 12:35|44|35.4|10283.6
4/30/2019 12:40|44|35.4|10180.8
4/30/2019 12:45|44|35.5|10465.4
4/30/2019 12:50|44|35.5|10261.6
4/30/2019 12:55|44|35.6|10204.2
4/30/2019 13:00|44|35.7|10255.4
4/30/2019 13:05|43|35.7|10293.6
4/30/2019 13:10|43|35.8|5079.2
4/30/2019 13:15|43|35.8|10425.4
4/30/2019 13:20|43|35.9|10427.6
4/30/2019 13:25|43|36|10447.6
4/30/2019 13:30|42|36|10642.4
4/30/2019 13:35|42|36.1|10631.8
4/30/2019 13:40|42|36.2|10382.6
4/30/2019 13:45|41|36.2|10258.8
4/30/2019 13:50|41|36.3|10307.6
4/30/2019 13:55|41|36.4|10539
4/30/2019 14:00|41|36.4|7285.4
4/30/2019 14:05|40|36.5|1539.8
4/30/2019 14:10|40|36.6|1528
4/30/2019 14:15|40|36.7|1523.8
4/30/2019 14:20|39|36.7|1514.6
4/30/2019 14:25|39|36.8|1516.2
4/30/2019 14:30|39|36.9|1596.8
4/30/2019 14:35|39|36.9|1654.6
4/30/2019 14:40|39|37|1406.2
4/30/2019 14:45|39|37.1|1385.4
4/30/2019 14:50|39|37.2|1387
4/30/2019 14:55|38|37.3|1447
4/30/2019 15:00|38|37.3|1408.8
4/30/2019 15:05|38|37.3|1363
4/30/2019 15:10|38|37.3|1361
4/30/2019 15:15|38|37.4|1383.8
4/30/2019 15:20|38|37.3|1403.4
4/30/2019 15:25|38|37|1377
4/30/2019 15:30|38|36.9|1343.6
4/30/2019 15:35|38|37|1349.6
4/30/2019 15:40|38|37|1469.2
4/30/2019 15:45|37|37.1|1586
4/30/2019 15:50|37|37.1|1591
4/30/2019 15:55|37|37.2|1586.2
4/30/2019 16:00|37|37.2|1607.2
4/30/2019 16:05|37|37.3|1587.6
4/30/2019 16:10|37|37.3|1579.8
4/30/2019 16:15|37|37.3|1588.2
4/30/2019 16:20|36|37.3|1166
4/30/2019 16:25|36|37.3|1120.2
4/30/2019 16:30|36|37.3|1126.4
4/30/2019 16:35|36|37.3|1129.8
4/30/2019 16:40|36|37.3|1127.6
4/30/2019 16:45|36|37.3|1130
4/30/2019 16:50|36|37.3|1103
4/30/2019 16:55|36|37.3|629
4/30/2019 17:00|36|37.3|1207.4
4/30/2019 17:05|36|37.4|1664.2
4/30/2019 17:10|36|37.6|1680.6
4/30/2019 17:15|36|37.7|1686.2
4/30/2019 17:20|36|37.8|1679.2
4/30/2019 17:25|36|37.9|1584.8
4/30/2019 17:30|36|37.9|1456
4/30/2019 17:35|36|38|1495.8
4/30/2019 17:40|36|38|1759.8
4/30/2019 17:45|36|38|7017.2
4/30/2019 17:50|36|38.1|5843.6
4/30/2019 17:55|36|38.1|1822
4/30/2019 18:00|36|38.1|2062.8
4/30/2019 18:05|36|38.1|2084.8
4/30/2019 18:10|36|38.1|2023.2
4/30/2019 18:15|36|38.1|1989.2
4/30/2019 18:20|36|38.1|2002.4
4/30/2019 18:25|36|38.1|1995.8
4/30/2019 18:30|36|38.1|2010.4
4/30/2019 18:35|36|38.1|2003.8
4/30/2019 18:40|36|38.1|1955
4/30/2019 18:45|36|38.1|1875.8
4/30/2019 18:50|36|38|1828
4/30/2019 18:55|36|38|1841
4/30/2019 19:00|36|38|1833.2
4/30/2019 19:05|36|38|1807
4/30/2019 19:10|36|38|1805
4/30/2019 19:15|36|38|1849.2
4/30/2019 19:20|36|37.9|1853.2
4/30/2019 19:25|36|37.9|1850
4/30/2019 19:30|36|37.9|1831.4
4/30/2019 19:35|36|37.9|1810
4/30/2019 19:40|36|37.9|1750
4/30/2019 19:45|36|37.8|1727.4
4/30/2019 19:50|36|37.8|1731.2
4/30/2019 19:55|36|37.7|1842.2
4/30/2019 20:00|36|37.5|1979.6
4/30/2019 20:05|36|37.5|1968.6
4/30/2019 20:10|36|37.5|1964.6
4/30/2019 20:15|36|37.5|1903.8
4/30/2019 20:20|36|37.5|1932
4/30/2019 20:25|36|37.5|1984.2
4/30/2019 20:30|36|37.5|1987.6
4/30/2019 20:35|36|37.5|1987.4
4/30/2019 20:40|36|37.4|1984.4
4/30/2019 20:45|36|37.3|1932.6
4/30/2019 20:50|36|37.1|1799.8
4/30/2019 20:55|36|36.9|1738.6
4/30/2019 21:00|36|36.8|1757.2
4/30/2019 21:05|36|36.7|1743.4
4/30/2019 21:10|36|36.7|1760.4
4/30/2019 21:15|36|36.6|1743.2
4/30/2019 21:20|36|36.6|1752.4
4/30/2019 21:25|36|36.6|1750.4
4/30/2019 21:30|36|36.5|1747
4/30/2019 21:35|36|36.5|1721.6
4/30/2019 21:40|36|36.5|2369.6
4/30/2019 21:45|36|36.4|4273.8
4/30/2019 21:50|37|36.4|4299.4
4/30/2019 21:55|37|36.4|4273.2
4/30/2019 22:00|37|36.4|4280.4
4/30/2019 22:05|37|36.4|1833.8
4/30/2019 22:10|37|36.4|1806.4
4/30/2019 22:15|38|36.3|1860.2
4/30/2019 22:20|39|36.3|1828.2
4/30/2019 22:25|39|36.3|1779.4
4/30/2019 22:30|39|36.3|1783
4/30/2019 22:35|38|35.8|1777
4/30/2019 22:40|37|35.2|1730.8
4/30/2019 22:45|37|34.8|1851.2
4/30/2019 22:50|36|34.6|3535
4/30/2019 22:55|36|34.2|8209.4
4/30/2019 23:00|35|33.8|8572.6
4/30/2019 23:05|35|33.6|8712.8
4/30/2019 23:10|35|33.3|8867.2
4/30/2019 23:15|34|33.2|8926.6
4/30/2019 23:20|35|33.2|8764.2
4/30/2019 23:25|35|33.1|8817.2
4/30/2019 23:30|35|32.9|8847.4
4/30/2019 23:35|35|32.8|8825.2
4/30/2019 23:40|35|32.6|8813
4/30/2019 23:45|35|32.6|8800.4
4/30/2019 23:50|35|32.4|8688.8
4/30/2019 23:55|35|32.3|8728
5/1/2019 0:00|35|32.1|8797.8
5/1/2019 0:05|34|32|8663.2
5/1/2019 0:10|34|31.9|8705.2
5/1/2019 0:15|34|31.7|8635.4
5/1/2019 0:20|34|31.6|8679.8
5/1/2019 0:25|34|31.5|8643.4
5/1/2019 0:30|34|31.4|8617.4
5/1/2019 0:35|34|31.3|8526
5/1/2019 0:40|34|31.2|8579.4
5/1/2019 0:45|33|31|8494.8
5/1/2019 0:50|33|31.3|8591.8
5/1/2019 0:55|34|32.1|8151.8
5/1/2019 1:00|34|32.6|8083.4
5/1/2019 1:05|35|32.9|8173.8
5/1/2019 1:10|35|33.1|3159.4
5/1/2019 1:15|36|33.3|906.8
5/1/2019 1:20|36|33.4|906.8
5/1/2019 1:25|37|33.5|517.6
5/1/2019 1:30|37|33.6|866.6
5/1/2019 1:35|37|33.7|1687
5/1/2019 1:40|38|33.4|1687.2
5/1/2019 1:45|37|32.6|1689.4
5/1/2019 1:50|36|32.1|1704.4
5/1/2019 1:55|35|31.7|1695
5/1/2019 2:00|35|31.4|5871.2
5/1/2019 2:05|35|31.2|8561.4
5/1/2019 2:10|34|31|8516.2
5/1/2019 2:15|34|30.8|8593.4
5/1/2019 2:20|34|30.6|8603.6
5/1/2019 2:25|34|30.5|8501.8
5/1/2019 2:30|34|30.4|8547
5/1/2019 2:35|34|30.3|8647.4
5/1/2019 2:40|34|30.2|8560.8
5/1/2019 2:45|34|30.1|8674.8
5/1/2019 2:50|34|30|8548.2
5/1/2019 2:55|34|29.9|8584
5/1/2019 3:00|34|29.8|8582.6
5/1/2019 3:05|34|29.7|8514.2
5/1/2019 3:10|34|29.6|8563.8
5/1/2019 3:15|34|29.5|8524
5/1/2019 3:20|34|30.2|8629
5/1/2019 3:25|34|30.8|8555
5/1/2019 3:30|34|31.2|8538.2
5/1/2019 3:35|34|31.5|8195.2
5/1/2019 3:40|35|31.7|1715
5/1/2019 3:45|35|31.8|1717.6
5/1/2019 3:50|35|32|1731.6
5/1/2019 3:55|36|31.5|1745.4
5/1/2019 4:00|36|30.9|1736.4
5/1/2019 4:05|36|30.5|1740.8
5/1/2019 4:10|35|30.2|2081
5/1/2019 4:15|35|30|8567.6
5/1/2019 4:20|35|29.8|8631
5/1/2019 4:25|35|29.7|8633.6
5/1/2019 4:30|35|29.5|8716
5/1/2019 4:35|35|29.4|8754.6
5/1/2019 4:40|35|29.3|8674.2
5/1/2019 4:45|35|29.2|8720.4
5/1/2019 4:50|35|29.1|8649.6
5/1/2019 4:55|35|28.9|8655.4
5/1/2019 5:00|36|28.9|8579.4
5/1/2019 5:05|35|29.4|8631.2
5/1/2019 5:10|36|30.1|8641
5/1/2019 5:15|36|30.5|8601.6
5/1/2019 5:20|37|30.7|8465.6
5/1/2019 5:25|37|30.9|1745.2
5/1/2019 5:30|38|31.1|1741
5/1/2019 5:35|38|31.2|1750
5/1/2019 5:40|39|31.2|1741.6
5/1/2019 5:45|40|31.3|1749.8
5/1/2019 5:50|40|31.4|1752.4
5/1/2019 5:55|41|31.4|1742.2
5/1/2019 6:00|41|31.5|1720.6
5/1/2019 6:05|42|31.6|1722.8
5/1/2019 6:10|43|31.6|1726
5/1/2019 6:15|43|31.6|1725.4
5/1/2019 6:20|43|31.7|1716
5/1/2019 6:25|44|31.7|1928
5/1/2019 6:30|44|31.7|1947.2
5/1/2019 6:35|45|31.7|1940
5/1/2019 6:40|45|31.7|1943.2
5/1/2019 6:45|45|31.7|1927.6
5/1/2019 6:50|46|31.7|1932
5/1/2019 6:55|46|31.8|1940
5/1/2019 7:00|46|31.9|1937.8
5/1/2019 7:05|47|31.9|1945.8
5/1/2019 7:10|47|32|1938.8
5/1/2019 7:15|48|32|1938.4
5/1/2019 7:20|48|32|1936
5/1/2019 7:25|48|32|1951.6
5/1/2019 7:30|48|32|1957.8
5/1/2019 7:35|49|32|1923
5/1/2019 7:40|49|32.1|1891.4
5/1/2019 7:45|49|32.1|1905.2
5/1/2019 7:50|49|32.1|1883
5/1/2019 7:55|49|32.1|1879
5/1/2019 8:00|49|32.1|1868.8
5/1/2019 8:05|49|32.2|1858
5/1/2019 8:10|49|32.2|1890.4
5/1/2019 8:15|49|32.2|1947.8
5/1/2019 8:20|49|32.2|1946.4
5/1/2019 8:25|49|32.2|1932.6
5/1/2019 8:30|49|32.2|1904.8
5/1/2019 8:35|49|32.3|1879.8
5/1/2019 8:40|49|32.3|1899.2
5/1/2019 8:45|49|32.3|1898.2
5/1/2019 8:50|49|32.3|1896
5/1/2019 8:55|49|32.4|1899.4
5/1/2019 9:00|48|32.4|1909
5/1/2019 9:05|48|32.4|1916
5/1/2019 9:10|48|32.4|1854.4
5/1/2019 9:15|48|32.4|1726.2
5/1/2019 9:20|48|32.5|1722.2
5/1/2019 9:25|48|32.5|1186.2
5/1/2019 9:30|48|32.5|1377.8
5/1/2019 9:35|48|32.6|3563
5/1/2019 9:40|47|32.6|3587.6
5/1/2019 9:45|48|32.6|2934.4
5/1/2019 9:50|48|32.6|1067
5/1/2019 9:55|48|32.7|1059.6
5/1/2019 10:00|47|32.7|655.4
5/1/2019 10:05|47|32.7|946.6
5/1/2019 10:10|46|32.8|1778.2
5/1/2019 10:15|46|32.8|1778.4
5/1/2019 10:20|45|32.8|1782
5/1/2019 10:25|45|32.8|1781.2
5/1/2019 10:30|44|32.9|1771
5/1/2019 10:35|44|32.9|1766.4
5/1/2019 10:40|43|32.9|1754.4
5/1/2019 10:45|43|33|1681
5/1/2019 10:50|42|33|1684.6
5/1/2019 10:55|42|33|1666
5/1/2019 11:00|41|33.1|1666.2
5/1/2019 11:05|40|33.1|1686.4
5/1/2019 11:10|40|33.2|1688.2
5/1/2019 11:15|39|33.2|1692.6
5/1/2019 11:20|39|33.3|1685
5/1/2019 11:25|39|33.3|1674.2
5/1/2019 11:30|39|33.4|1672.6
5/1/2019 11:35|38|33.5|1692.6
5/1/2019 11:40|38|33.6|1694.2
5/1/2019 11:45|38|33.6|1555.4
5/1/2019 11:50|38|33.7|1566.6
5/1/2019 11:55|38|33.7|1568
5/1/2019 12:00|37|33.8|1571.2
5/1/2019 12:05|37|33.9|1558
5/1/2019 12:10|37|33.9|1580.2
5/1/2019 12:15|36|34|1577.8
5/1/2019 12:20|36|34|4098.2
5/1/2019 12:25|36|34.1|9326
5/1/2019 12:30|37|34.2|9670.4
5/1/2019 12:35|37|34.3|9893
5/1/2019 12:40|37|34.4|10073.2
5/1/2019 12:45|36|34.4|9933.4
5/1/2019 12:50|36|34.5|9841.4
5/1/2019 12:55|36|34.5|9971.4
5/1/2019 13:00|36|34.6|9882.2
5/1/2019 13:00|36|34.7|9882.2
5/1/2019 13:05|36|34.7|9848.8
5/1/2019 13:10|35|34.8|9943.6
5/1/2019 13:15|35|34.9|10057.2
5/1/2019 13:20|35|35|5605.2
5/1/2019 13:25|34|35.1|1568.6
5/1/2019 13:30|34|35.1|1574.8
5/1/2019 13:35|33|35.2|1580.8
5/1/2019 13:40|33|35.3|10960
5/1/2019 13:45|33|35.4|11058.4
5/1/2019 13:50|33|35.4|11140.2
5/1/2019 13:55|33|35.5|10889.4
5/1/2019 14:00|32|35.6|11094.6
5/1/2019 14:05|32|35.7|11204.8
5/1/2019 14:10|32|35.8|11205.4
5/1/2019 14:15|32|35.9|11107.8
5/1/2019 14:20|32|35.9|11044.8
5/1/2019 14:25|32|36|2588
5/1/2019 14:30|32|36.1|1571.2
5/1/2019 14:35|32|36.2|1575.6
5/1/2019 14:40|32|36.3|1571
5/1/2019 14:45|31|36.2|1577.8
5/1/2019 14:50|31|35.7|1562.2
5/1/2019 14:55|30|35.3|1476.2
5/1/2019 15:00|30|35.1|1473.2
5/1/2019 15:05|30|34.9|4513.8
5/1/2019 15:10|30|34.3|8376.2
5/1/2019 15:15|30|33.9|8692
5/1/2019 15:20|30|33.9|7411.4
5/1/2019 15:25|30|34.1|5912.4
5/1/2019 15:30|31|34.2|8839.2
5/1/2019 15:35|30|34.2|8948.6
5/1/2019 15:40|30|34.4|9117.6
5/1/2019 15:45|30|35|9070.2
5/1/2019 15:50|30|35.3|8939.2
5/1/2019 15:55|31|35.4|8792.2
5/1/2019 16:00|31|35.7|5985.8
5/1/2019 16:05|31|35.7|1681.4
5/1/2019 16:10|31|35.8|1816
5/1/2019 16:15|31|35.9|1748.2
5/1/2019 16:20|31|35.9|1625.4
5/1/2019 16:25|31|36|1883.2
5/1/2019 16:30|32|36.2|1883
5/1/2019 16:35|31|36.4|1885.6
5/1/2019 16:40|31|36.5|1879
5/1/2019 16:45|31|36.6|1877.6
5/1/2019 16:50|31|36.4|1734.2
5/1/2019 16:55|32|36.4|1699.4
5/1/2019 17:00|32|36.4|1677.4
5/1/2019 17:05|32|36.4|1711.8
5/1/2019 17:10|32|36.4|1897.8
5/1/2019 17:15|32|36.4|1896.4
5/1/2019 17:20|32|36.4|1887.2
5/1/2019 17:25|32|36.4|1907
5/1/2019 17:30|32|36.5|1888
5/1/2019 17:35|32|36.7|1875.8
5/1/2019 17:40|32|36.7|1869.2
5/1/2019 17:45|32|36.8|1873.8
5/1/2019 17:50|32|36.8|1683
5/1/2019 17:55|32|36.9|1564.4
5/1/2019 18:00|32|36.9|4848.2
5/1/2019 18:05|32|36.9|1444.6
5/1/2019 18:10|32|36.9|1204.8
5/1/2019 18:15|32|36.9|943
5/1/2019 18:20|32|36.9|875.6
5/1/2019 18:25|32|36.9|431.4
5/1/2019 18:30|32|36.9|1157.4
5/1/2019 18:35|32|36.9|1514.2
5/1/2019 18:40|32|36.9|1514.6
5/1/2019 18:45|32|36.9|1526
5/1/2019 18:50|33|36.9|1518.4
5/1/2019 18:55|33|36.9|1511
5/1/2019 19:00|33|36.9|1497.6
5/1/2019 19:05|33|36.9|1492
5/1/2019 19:10|33|36.9|1481
5/1/2019 19:15|33|36.8|1501.6
5/1/2019 19:20|33|36.8|1494.4
5/1/2019 19:25|33|36.8|1540.4
5/1/2019 19:30|34|36.8|1591.2
5/1/2019 19:35|34|36.8|1601.8
5/1/2019 19:40|34|36.5|1613.2
5/1/2019 19:45|35|36.3|1609.4
5/1/2019 19:50|35|36.4|1603
5/1/2019 19:55|35|36.3|1542
5/1/2019 20:00|35|36.4|1759.4
5/1/2019 20:05|35|36.4|2293.2
5/1/2019 20:10|35|36.2|1628
5/1/2019 20:15|35|36.2|1694
5/1/2019 20:20|36|36.1|1780.8
5/1/2019 20:25|36|36.2|1946.8
5/1/2019 20:30|36|36.3|2070.8
5/1/2019 20:35|36|36.3|5068.8
5/1/2019 20:40|36|36.4|4254.4
5/1/2019 20:45|36|36.4|2716.8
5/1/2019 20:50|36|36.4|3935.8
5/1/2019 20:55|36|36.4|2151.2
5/1/2019 21:00|36|36.4|5145.8
5/1/2019 21:05|36|36.3|9040.2
5/1/2019 21:10|36|36.3|9647.4
5/1/2019 21:15|36|36.3|9804.6
5/1/2019 21:20|36|36.3|9878.2
5/1/2019 21:25|36|36.3|9908.8
5/1/2019 21:30|36|36.2|9910.6
5/1/2019 21:35|36|36.2|9798.2
5/1/2019 21:40|36|36.2|9823.2
5/1/2019 21:45|35|36.2|9877.2
5/1/2019 21:50|35|36.1|9898
5/1/2019 21:55|35|36.1|10177.6
5/1/2019 22:00|35|36.1|8185.8
5/1/2019 22:05|35|36.1|1613.6
5/1/2019 22:10|35|36.1|1595.6
5/1/2019 22:15|35|36.1|1614
5/1/2019 22:20|35|36|1612.2
5/1/2019 22:25|35|35.8|1613.8
5/1/2019 22:30|35|35.7|1594.4
5/1/2019 22:35|36|35.6|1632.4
5/1/2019 22:40|37|35.6|1665.2
5/1/2019 22:45|37|35.5|1915
5/1/2019 22:50|37|35.4|1904.2
5/1/2019 22:55|37|34.8|1884.2
5/1/2019 23:00|36|34.5|1926.8
5/1/2019 23:05|35|34.1|1900
5/1/2019 23:10|35|33.7|6433.8
5/1/2019 23:15|35|33.4|8200.2
5/1/2019 23:20|34|33.2|8529.2
5/1/2019 23:25|34|33.1|8617.6
5/1/2019 23:30|34|32.9|8674.6
5/1/2019 23:35|33|32.5|8465.4
5/1/2019 23:40|33|32.3|8335.6
5/1/2019 23:45|32|32.1|8490.8
5/1/2019 23:50|32|31.9|8387.8
5/1/2019 23:55|33|31.8|8302.6
5/2/2019 0:00|33|31.7|8505.2
5/2/2019 0:05|32|31.6|8573.4
5/2/2019 0:10|32|31.4|8617.8
5/2/2019 0:15|32|31.3|8781.8
5/2/2019 0:20|32|31.2|8737
5/2/2019 0:25|32|31.1|8785.4
5/2/2019 0:30|32|30.9|8624.6
5/2/2019 0:35|32|30.8|8553.8
5/2/2019 0:40|32|30.7|8694.4
5/2/2019 0:45|32|30.5|8568.6
5/2/2019 0:50|32|30.5|8606.2
5/2/2019 0:55|32|30.4|8557.8
5/2/2019 1:00|32|30.3|8533.8
5/2/2019 1:05|32|30.3|8509.4
5/2/2019 1:10|32|30.2|8526.8
5/2/2019 1:15|32|30.1|8503
5/2/2019 1:20|32|30|8501.8
5/2/2019 1:25|33|30|8449.2
5/2/2019 1:30|33|29.9|8265.8
5/2/2019 1:35|33|29.8|8470.8
5/2/2019 1:40|33|29.8|8481.6
5/2/2019 1:45|33|29.7|8354.8
5/2/2019 1:50|33|29.6|8361
5/2/2019 1:55|33|29.5|8410.4
5/2/2019 2:00|33|29.4|8319.8
5/2/2019 2:05|33|29.3|8359.8
5/2/2019 2:10|33|29.2|8217.6
5/2/2019 2:15|33|29.2|8272.2
5/2/2019 2:20|33|29.1|8264.8
5/2/2019 2:25|33|29|8011.6
5/2/2019 2:30|34|28.9|7853.8
5/2/2019 2:35|34|28.9|7866
5/2/2019 2:40|34|28.8|7940.8
5/2/2019 2:45|33|28.8|7970.4
5/2/2019 2:50|34|28.7|7455.8
5/2/2019 2:55|34|28.6|7823.8
5/2/2019 3:00|34|28.5|8491.8
5/2/2019 3:05|34|28.5|8450
5/2/2019 3:10|34|29|8475.4
5/2/2019 3:15|34|29.8|8465.8
5/2/2019 3:20|35|30.2|8431.8
5/2/2019 3:25|35|30.5|8409.4
5/2/2019 3:30|36|30.8|2922.6
5/2/2019 3:35|36|30.9|1661
5/2/2019 3:40|37|31.1|1652.6
5/2/2019 3:45|37|31.2|1668.2
5/2/2019 3:50|38|31.3|1660
5/2/2019 3:55|38|31.4|1655.8
5/2/2019 4:00|38|31.4|1654.2
5/2/2019 4:05|39|31.5|1667.8
5/2/2019 4:10|39|31.5|1677
5/2/2019 4:15|40|31.6|1665.4
5/2/2019 4:20|40|31.6|1659.4
5/2/2019 4:25|41|31.6|1673.6
5/2/2019 4:30|41|31.6|1680
5/2/2019 4:35|41|31.6|1754.6
5/2/2019 4:40|41|31.7|1870.2
5/2/2019 4:45|41|31.7|1862.4
5/2/2019 4:50|42|31.7|1878.4
5/2/2019 4:55|42|31.7|1877.2
5/2/2019 5:00|42|31.7|1863.8
5/2/2019 5:05|42|31.7|1863.2
5/2/2019 5:10|42|31.7|1878.6
5/2/2019 5:15|42|31.7|1884.2
5/2/2019 5:20|42|31.7|1878.8
5/2/2019 5:25|42|31.7|1877
5/2/2019 5:30|41|31.7|1864.4
5/2/2019 5:35|41|31.7|1877.4
5/2/2019 5:40|41|31.7|1879.2
5/2/2019 5:45|41|31.8|1860.4
5/2/2019 5:50|41|31.8|1864.8
5/2/2019 5:55|41|31.8|1857
5/2/2019 6:00|41|31.8|1834.4
5/2/2019 6:05|42|31.9|1826.2
5/2/2019 6:10|42|31.9|1824
5/2/2019 6:15|42|31.9|1838.4
5/2/2019 6:20|41|31.9|1828.2
5/2/2019 6:25|41|31.9|1840.4
5/2/2019 6:30|41|31.9|1820.4
5/2/2019 6:35|42|31.9|1817
5/2/2019 6:40|42|31.9|1827.8
5/2/2019 6:45|42|31.9|1824.4
5/2/2019 6:50|42|31.9|1812.8
5/2/2019 6:55|42|31.9|1822.2
5/2/2019 7:00|42|31.9|1807.8
5/2/2019 7:05|41|31.9|1813.8
5/2/2019 7:10|41|31.9|1813.6
5/2/2019 7:15|41|31.9|1817.2
5/2/2019 7:20|41|31.9|1841
5/2/2019 7:25|40|31.9|1842.2
5/2/2019 7:30|40|31.9|1850.6
5/2/2019 7:35|40|32|1863
5/2/2019 7:40|40|32|1837
5/2/2019 7:45|40|32|1800.6
5/2/2019 7:50|40|32|1791.4
5/2/2019 7:55|40|32|1837.4
5/2/2019 8:00|39|32|1855.2
5/2/2019 8:05|39|32|1853
5/2/2019 8:10|39|32|1862.4
5/2/2019 8:15|39|32|1822.8
5/2/2019 8:20|39|32|1800.6
5/2/2019 8:25|39|32|1811.4
5/2/2019 8:30|38|32|1861.8
5/2/2019 8:35|38|32|1877.4
5/2/2019 8:40|37|32|1880.6
5/2/2019 8:45|37|32.1|1700
5/2/2019 8:50|37|32.1|1693.4
5/2/2019 8:55|37|32.1|1681.4
5/2/2019 9:00|37|32.1|1664.4
5/2/2019 9:05|37|32.2|1666.6
5/2/2019 9:10|36|32.2|1721.2
5/2/2019 9:15|37|32.2|1715.8
5/2/2019 9:20|36|32.2|1709
5/2/2019 9:25|36|32.3|1703.6
5/2/2019 9:30|36|32.3|1700.8
5/2/2019 9:35|35|32.3|1711.8
5/2/2019 9:40|35|32.4|1727.6
5/2/2019 9:45|36|32.4|1736.2
5/2/2019 9:50|36|32.5|1732.4
5/2/2019 9:55|36|32.5|1714.2
5/2/2019 10:00|35|32.5|1741.8
5/2/2019 10:05|35|32.6|1737.4
5/2/2019 10:10|35|32.6|1734.2
5/2/2019 10:15|35|32.6|4213.4
5/2/2019 10:20|35|32.7|2058.4
5/2/2019 10:25|35|32.8|1721
5/2/2019 10:30|35|32.8|1693.8
5/2/2019 10:35|35|32.9|1719
5/2/2019 10:40|34|32.9|1752
5/2/2019 10:45|34|33|1759.8
5/2/2019 10:50|34|33|2339.2
5/2/2019 10:55|34|33.1|1348.2
5/2/2019 11:00|34|33.1|1343
5/2/2019 11:05|34|33.2|1310
5/2/2019 11:10|34|33.3|947
5/2/2019 11:15|33|33.4|697.8
5/2/2019 11:20|33|33.5|1727.8
5/2/2019 11:25|33|33.5|1765.2
5/2/2019 11:30|33|33.6|1482
5/2/2019 11:35|33|33.7|1489.4
5/2/2019 11:40|32|33.7|1468.2
5/2/2019 11:45|32|33.8|1458.6
5/2/2019 11:50|32|33.9|1452.6
5/2/2019 11:55|32|33.9|1470.6
5/2/2019 12:00|32|34|1468
5/2/2019 12:05|32|34.1|1493.8
5/2/2019 12:10|31|34.1|1472
5/2/2019 12:15|31|34.2|1466.2
5/2/2019 12:20|31|34.3|1406
5/2/2019 12:25|30|34.4|1385.8
5/2/2019 12:30|30|34.4|1385
5/2/2019 12:35|30|34.5|1383.4
5/2/2019 12:40|30|34.5|1455.8
5/2/2019 12:45|29|34.6|1474.4
5/2/2019 12:50|29|34.7|1475
5/2/2019 12:55|30|34.7|1463.4
5/2/2019 13:00|29|34.8|1446.8
5/2/2019 13:05|29|34.9|1417.4
5/2/2019 13:10|29|34.9|1974.4
5/2/2019 13:15|28|35|3831.2
5/2/2019 13:20|28|35.1|3822
5/2/2019 13:25|28|35.1|3964.4
5/2/2019 13:30|28|35.2|3933.8
5/2/2019 13:35|28|35.3|2869.8
5/2/2019 13:40|27|35.4|1730.8
5/2/2019 13:45|27|35.4|1699
5/2/2019 13:50|28|35.4|1686.2
5/2/2019 13:55|28|35.3|1684.4
5/2/2019 14:00|27|35.3|1690.2
5/2/2019 14:05|28|35.3|1623.8
5/2/2019 14:10|28|35.4|1593.6
5/2/2019 14:15|28|35.4|1751.2
5/2/2019 14:20|27|35.5|1744.6
5/2/2019 14:25|27|35.5|1767.8
5/2/2019 14:30|28|35.6|1739
5/2/2019 14:35|28|35.6|1647.6
5/2/2019 14:40|28|35.7|1658
5/2/2019 14:45|28|35.7|1648.8
5/2/2019 14:50|28|35.8|1669
5/2/2019 14:55|28|35.8|1683.4
5/2/2019 15:00|28|35.8|1674.2
5/2/2019 15:05|27|36|1664
5/2/2019 15:10|27|36.1|1633.2
5/2/2019 15:15|27|36.1|1619
5/2/2019 15:20|27|36.2|1624.6
5/2/2019 15:25|26|36.3|1473.2
5/2/2019 15:30|26|36.3|1450.4
5/2/2019 15:35|25|36.4|1516.6
5/2/2019 15:40|25|36.4|1465
5/2/2019 15:45|25|36.2|1452.6
5/2/2019 15:50|25|36.2|1447.8
5/2/2019 15:55|25|36.2|1437.4
5/2/2019 16:00|24|36.2|1528.2
5/2/2019 16:05|24|36.2|1667.6
5/2/2019 16:10|24|36.2|1637.6
5/2/2019 16:15|24|36.3|1644.4
5/2/2019 16:20|24|36.3|1640.8
5/2/2019 16:25|24|36.5|1634
5/2/2019 16:30|24|36.6|1638.2
5/2/2019 16:35|24|36.6|1617
5/2/2019 16:40|24|36.7|1539.8
5/2/2019 16:45|23|36.7|1423
5/2/2019 16:50|23|36.8|1431.6
5/2/2019 16:55|23|36.8|1470.4
5/2/2019 17:00|23|36.8|1476
5/2/2019 17:05|23|36.9|1448.2
5/2/2019 17:10|23|36.9|1454.6
5/2/2019 17:15|23|36.9|1645.6
5/2/2019 17:20|23|36.9|1608
5/2/2019 17:25|23|36.9|1647.6
5/2/2019 17:30|23|37|1660.4
5/2/2019 17:35|23|36.8|1686.2
5/2/2019 17:40|24|36.6|1586
5/2/2019 17:45|24|36.6|1431.2
5/2/2019 17:50|24|36.5|1429.8
5/2/2019 17:55|24|36.5|1608.4
5/2/2019 18:00|24|36.5|1733.4
5/2/2019 18:05|24|36.5|1662.8
5/2/2019 18:10|24|36.6|1642.6
5/2/2019 18:15|24|36.7|1597.2
5/2/2019 18:20|25|36.8|1611.6
5/2/2019 18:25|25|36.8|1548.4
5/2/2019 18:30|25|36.8|1409.2
5/2/2019 18:35|25|36.9|1437.8
5/2/2019 18:40|25|36.9|1416.6
5/2/2019 18:45|25|36.9|1527.2
5/2/2019 18:50|25|36.9|1656.8
5/2/2019 18:55|26|36.9|1606.2
5/2/2019 19:00|26|36.8|1595.6
5/2/2019 19:05|26|36.8|3420
5/2/2019 19:10|27|36.8|9951
5/2/2019 19:15|27|36.8|10182.8
5/2/2019 19:20|28|36.6|10248.2
5/2/2019 19:25|29|36.6|5595.6
5/2/2019 19:30|29|36.4|1021.8
5/2/2019 19:35|29|36.4|990.4
5/2/2019 19:40|29|36.5|636
5/2/2019 19:45|30|36.5|1078.8
5/2/2019 19:50|30|36.6|1779.2
5/2/2019 19:55|30|36.6|3009.4
5/2/2019 20:00|29|36.6|4231.2
5/2/2019 20:05|29|36.6|1792
5/2/2019 20:10|30|36.6|3961.6
5/2/2019 20:15|30|36.6|1606.4
5/2/2019 20:20|30|36.6|3654.6
5/2/2019 20:25|30|36.6|1596.6
5/2/2019 20:30|29|36.6|1590.6
5/2/2019 20:35|29|36.6|1606
5/2/2019 20:40|29|36.6|1607.8
5/2/2019 20:45|29|36.6|1604.2
5/2/2019 20:50|29|36.6|1591.6
5/2/2019 20:55|29|36.5|1586.2
5/2/2019 21:00|29|36.5|1582.2
5/2/2019 21:05|29|36.5|1582.8
5/2/2019 21:10|29|36.5|1577.2
5/2/2019 21:15|29|36.5|1573.2
5/2/2019 21:20|29|36.5|1573
5/2/2019 21:25|29|36.4|1572.4
5/2/2019 21:30|29|36.4|1571.8
5/2/2019 21:35|29|36.4|1563.6
5/2/2019 21:40|29|36.4|1552
5/2/2019 21:45|30|36.4|1550.4
5/2/2019 21:50|30|36.3|1552.6
5/2/2019 21:55|30|36.3|1540
5/2/2019 22:00|30|36.3|1506.4
5/2/2019 22:05|30|36.3|1508.8
5/2/2019 22:10|30|36.3|1520
5/2/2019 22:15|30|36.2|1543
5/2/2019 22:20|30|36.2|1558.4
5/2/2019 22:25|30|36.2|1600.4
5/2/2019 22:30|30|36.2|1537.4
5/2/2019 22:35|30|36.1|1491
5/2/2019 22:40|30|36.1|1461.2
5/2/2019 22:45|30|36.1|1457.8
5/2/2019 22:50|30|36|1464.2
5/2/2019 22:55|30|36|1383.8
5/2/2019 23:00|30|36|1377
5/2/2019 23:05|30|36|1566.6
5/2/2019 23:10|29|35.6|1666.2
5/2/2019 23:15|29|35|1660.8
5/2/2019 23:20|28|34.4|1602.6
5/2/2019 23:25|28|33.9|1621.4
5/2/2019 23:30|28|33.4|7277.6
5/2/2019 23:35|28|33.1|9046
5/2/2019 23:40|28|33.3|9318.8
5/2/2019 23:45|28|33|9340
5/2/2019 23:50|28|32.7|9403.8
5/2/2019 23:55|28|32.4|9445.6
5/3/2019 0:00|28|32.2|9393.4
5/3/2019 0:05|28|32|9371
5/3/2019 0:10|28|31.7|9266.4
5/3/2019 0:15|28|31.7|9313.2
5/3/2019 0:20|28|31.6|9349.6
5/3/2019 0:25|28|31.4|9312.4
5/3/2019 0:30|28|31.3|9405.2
5/3/2019 0:35|28|31.1|9426
5/3/2019 0:40|28|31|9381.4
5/3/2019 0:45|28|30.9|9359.6
5/3/2019 0:50|28|30.8|9298
5/3/2019 0:55|28|30.7|9438.6
5/3/2019 1:00|28|30.6|9451.4
5/3/2019 1:05|28|30.5|9299.8
5/3/2019 1:10|28|30.4|9412.8
5/3/2019 1:15|28|30.2|9482.8
5/3/2019 1:20|28|30.2|9451.6
5/3/2019 1:25|28|30.1|9513.6
5/3/2019 1:30|27|30|9545.4
5/3/2019 1:35|27|29.9|9498.2
5/3/2019 1:40|27|29.8|9271.8
5/3/2019 1:45|27|29.7|8585.2
5/3/2019 1:50|27|29.7|8504.2
5/3/2019 1:55|27|29.6|8558.8
5/3/2019 2:00|28|29.5|8507
5/3/2019 2:05|28|29.5|8542.6
5/3/2019 2:10|28|29.3|8543.4
5/3/2019 2:15|28|29.3|8544.2
5/3/2019 2:20|28|29.2|8601
5/3/2019 2:25|28|29.2|8614.6
5/3/2019 2:30|28|29.1|8556.8
5/3/2019 2:35|28|29|8600.6
5/3/2019 2:40|28|28.9|8581.4
5/3/2019 2:45|28|28.8|8595.6
5/3/2019 2:50|28|28.8|8601.4
5/3/2019 2:55|28|28.7|8607.8
5/3/2019 3:00|28|28.6|8536.4
5/3/2019 3:05|28|28.5|8517.4
5/3/2019 3:10|28|28.5|8564.8
5/3/2019 3:15|28|28.4|8563.2
5/3/2019 3:20|28|28.4|8563.8
5/3/2019 3:25|28|28.3|8543.4
5/3/2019 3:30|28|29|8567.8
5/3/2019 3:35|27|29.7|8605
5/3/2019 3:40|27|30.1|8138.6
5/3/2019 3:45|28|30.4|8072.4
5/3/2019 3:50|28|30.6|1331.4
5/3/2019 3:55|28|30.8|883
5/3/2019 4:00|28|30.9|781.8
5/3/2019 4:05|29|31|352.6
5/3/2019 4:10|29|31.1|1361.2
5/3/2019 4:15|29|31.1|1702.6
5/3/2019 4:20|30|31.2|1698.2
5/3/2019 4:25|30|31.2|1686.4
5/3/2019 4:30|30|31.3|1676.8
5/3/2019 4:35|31|31.3|1679
5/3/2019 4:40|31|31.4|1666
5/3/2019 4:45|31|31.4|1657
5/3/2019 4:50|32|31.4|1669.6
5/3/2019 4:55|32|31.5|1870.6
5/3/2019 5:00|32|31.5|1876
5/3/2019 5:05|32|31.5|1868
5/3/2019 5:10|32|31.6|1875
5/3/2019 5:15|32|31.6|1869.4
5/3/2019 5:20|33|31.6|1860.6
5/3/2019 5:25|33|31.7|1855.4
5/3/2019 5:30|33|31.7|1853.4
5/3/2019 5:35|33|31.7|1852.2
5/3/2019 5:40|33|31.7|1849.8
5/3/2019 5:45|33|31.7|1844.8
5/3/2019 5:50|33|31.7|1847
5/3/2019 5:55|33|31.7|1829.4
5/3/2019 6:00|33|31.7|1816.4
5/3/2019 6:05|33|31.7|1813.8
5/3/2019 6:10|33|31.7|1834.8
5/3/2019 6:15|33|31.7|1833.6
5/3/2019 6:20|33|31.7|1838.2
5/3/2019 6:25|33|31.7|1828.2
5/3/2019 6:30|33|31.7|1787.8
5/3/2019 6:35|33|31.7|1756.6
5/3/2019 6:40|33|31.7|1746
5/3/2019 6:45|33|31.7|1822.4
5/3/2019 6:50|32|31.7|1789.6
5/3/2019 6:55|32|31.7|1801.8
5/3/2019 7:00|32|31.7|1806.4
5/3/2019 7:05|32|31.7|1834.4
5/3/2019 7:10|32|31.7|1871.4
5/3/2019 7:15|32|31.7|1876.2
5/3/2019 7:20|32|31.7|1856.8
5/3/2019 7:25|32|31.7|1853
5/3/2019 7:30|32|31.7|3456
5/3/2019 7:35|32|31.7|4366.4
5/3/2019 7:40|32|31.7|3471.6
5/3/2019 7:45|33|31.7|1883.8
5/3/2019 7:50|33|31.7|1832
5/3/2019 7:55|33|31.7|1683.4
5/3/2019 8:00|33|31.7|1690
5/3/2019 8:05|33|31.7|1697.6
5/3/2019 8:10|34|31.7|1796
5/3/2019 8:15|34|31.7|1720.8
5/3/2019 8:20|33|31.7|1684.6
5/3/2019 8:25|33|31.7|1694.4
5/3/2019 8:30|33|31.7|1706.8
5/3/2019 8:35|33|31.7|1672.4
5/3/2019 8:40|33|31.7|1511.2
5/3/2019 8:45|33|31.7|1538.6
5/3/2019 8:50|33|31.7|1550.2
5/3/2019 8:55|33|31.7|1987
5/3/2019 9:00|33|31.7|2611.6
5/3/2019 9:05|33|31.7|2904.8
5/3/2019 9:10|33|31.8|2003
5/3/2019 9:15|33|31.8|2481.4
5/3/2019 9:20|32|31.9|1983.8
5/3/2019 9:25|33|31.9|2616.8
5/3/2019 9:30|33|32|2055.2
5/3/2019 9:35|34|32|1489.2
5/3/2019 9:40|34|32.1|1522.2
5/3/2019 9:45|34|32.1|1544.4
5/3/2019 9:50|34|32.2|1546.2
5/3/2019 9:55|34|32.2|1729.8
5/3/2019 10:00|34|32.3|1703.8
5/3/2019 10:05|33|32.3|1747.4
5/3/2019 10:10|33|32.4|1709.6
5/3/2019 10:15|34|32.4|1662.4
5/3/2019 10:20|33|32.5|1630.2
5/3/2019 10:25|33|32.5|1626.8
5/3/2019 10:30|33|32.6|1668.8
5/3/2019 10:35|33|32.6|1729.8
5/3/2019 10:40|33|32.7|1716.8
5/3/2019 10:45|33|32.8|1711.2
5/3/2019 10:50|33|32.8|1680.2
5/3/2019 10:55|33|32.9|1494
5/3/2019 11:00|33|33|1428.8
5/3/2019 11:05|33|33|1372.2
5/3/2019 11:10|33|33.1|1376.2
5/3/2019 11:15|32|33.2|1437
5/3/2019 11:20|32|33.2|1442.8
5/3/2019 11:25|32|33.3|1479.8
5/3/2019 11:30|32|33.4|1490.2
5/3/2019 11:35|32|33.5|1428.2
5/3/2019 11:40|32|33.5|1389
5/3/2019 11:45|32|33.6|1391.4
5/3/2019 11:50|32|33.7|1390.8
5/3/2019 11:55|32|33.7|1376.6
5/3/2019 12:00|33|33.7|1305.4
5/3/2019 12:05|33|33.8|831.6
5/3/2019 12:10|33|33.9|785.4
5/3/2019 12:15|33|34|1209.8
5/3/2019 12:20|32|34.1|2266.8
5/3/2019 12:25|32|34.2|651.8
5/3/2019 12:30|32|34.3|619.2
5/3/2019 12:35|32|34.4|1440.6
5/3/2019 12:40|32|34.5|1419.6
5/3/2019 12:45|31|34.5|1366.8
5/3/2019 12:50|31|34.6|1385.8
5/3/2019 12:55|31|34.7|1388.8
5/3/2019 13:00|31|34.8|1370.6
5/3/2019 13:05|30|34.9|1372.4
5/3/2019 13:10|30|35|1375.4
5/3/2019 13:15|30|35.1|1414.6
5/3/2019 13:20|29|35.2|1404.2
5/3/2019 13:25|29|35.3|1401.2
5/3/2019 13:30|28|35.3|1456.4
5/3/2019 13:35|28|35.4|1444.8
5/3/2019 13:40|28|35.5|1428.6
5/3/2019 13:45|28|35.6|1443.2
5/3/2019 13:50|28|35.7|1455.6
5/3/2019 13:55|28|35.8|1636.8
5/3/2019 14:00|27|35.9|1639.4
5/3/2019 14:05|27|35.9|1500.2
5/3/2019 14:10|27|36|1521.4
5/3/2019 14:15|27|36.1|1520.4
5/3/2019 14:20|27|36.2|1521.2
5/3/2019 14:25|27|36.3|1530.6
5/3/2019 14:30|28|36.4|1575.4
5/3/2019 14:35|28|36.4|1713.6
5/3/2019 14:40|28|36.5|1695.2
5/3/2019 14:45|28|36.6|1739.6
5/3/2019 14:50|28|36.6|1700.2
5/3/2019 14:55|28|36.7|1688.6
5/3/2019 15:00|28|36.8|1666.8
5/3/2019 15:05|28|36.8|1677.2
5/3/2019 15:10|28|36.9|1624.4
5/3/2019 15:15|28|37|1630.8
5/3/2019 15:20|27|37|1620.2
5/3/2019 15:25|27|37.1|1623.6
5/3/2019 15:30|27|37.2|1598
5/3/2019 15:35|27|37.3|1622.6
5/3/2019 15:40|27|37.3|1608.6
5/3/2019 15:45|27|37.3|1619.2
5/3/2019 15:50|27|37.3|1625
5/3/2019 15:55|27|37.3|1586.6
5/3/2019 16:00|27|37.3|1579.8
5/3/2019 16:05|27|37|1587.2
5/3/2019 16:10|27|36.9|1636.2
5/3/2019 16:15|27|36.9|1613.6
5/3/2019 16:20|27|36.9|1680.8
5/3/2019 16:25|27|36.9|1847.2
5/3/2019 16:30|27|36.9|2050
5/3/2019 16:35|27|37|2039
5/3/2019 16:40|27|37|2046.2
5/3/2019 16:45|27|37|2052.8
5/3/2019 16:50|27|37.1|2021.4
5/3/2019 16:55|27|37.1|1808.6
5/3/2019 17:00|27|37.1|1757.4
5/3/2019 17:05|27|37.2|1746
5/3/2019 17:10|27|37.2|1755.4
5/3/2019 17:15|27|37.2|1783.4
5/3/2019 17:20|27|37.2|1797.2
5/3/2019 17:25|28|37.3|1785.6
5/3/2019 17:30|28|37.4|1795.8
5/3/2019 17:35|28|37.5|1788
5/3/2019 17:40|28|37.6|1818.8
5/3/2019 17:45|28|37.7|1643
5/3/2019 17:50|28|37.7|1387.6
5/3/2019 17:55|27|37.7|1387
5/3/2019 18:00|27|37.7|1420.4
5/3/2019 18:05|27|37.7|1475.6
5/3/2019 18:10|27|37.7|1467.4
5/3/2019 18:15|27|37.7|1498
5/3/2019 18:20|27|37.7|1485.8
5/3/2019 18:25|27|37.7|1492
5/3/2019 18:30|26|37.7|1484.6
5/3/2019 18:35|26|37|1450.6
5/3/2019 18:40|26|36.4|1494.8
5/3/2019 18:45|26|36.2|1623.2
5/3/2019 18:50|25|36.6|1507.8
5/3/2019 18:55|25|36.9|7629.6
5/3/2019 19:00|25|37.1|8444.6
5/3/2019 19:05|25|37.2|7562.4
5/3/2019 19:10|25|37.3|1483.2
5/3/2019 19:15|25|37.2|1486.2
5/3/2019 19:20|25|37|1538.6
5/3/2019 19:25|25|37|1782
5/3/2019 19:30|26|37.1|1817
5/3/2019 19:35|26|36.9|1765.2
5/3/2019 19:40|27|37|1740.4
5/3/2019 19:45|27|37.1|2093.2
5/3/2019 19:50|27|37.2|1924.4
5/3/2019 19:55|27|37.2|1737.6
5/3/2019 20:00|27|37.2|1489.6
5/3/2019 20:05|27|37.2|1479
5/3/2019 20:10|27|37.2|1485.2
5/3/2019 20:15|27|37.2|1488.2
5/3/2019 20:20|27|37.2|1474.8
5/3/2019 20:25|27|37.2|949.2
5/3/2019 20:30|27|37.1|708.6
5/3/2019 20:35|28|37.1|708
5/3/2019 20:40|28|37.1|704.6
5/3/2019 20:45|28|37.1|533.8
5/3/2019 20:50|28|37.1|231.4
5/3/2019 20:55|28|37|1338.4
5/3/2019 21:00|28|37|1542.2
5/3/2019 21:05|28|37|1530.8
5/3/2019 21:10|30|37|1540.6
5/3/2019 21:15|29|36.7|1584.8
5/3/2019 21:20|29|36.7|1577
5/3/2019 21:25|30|36.8|1601.2
5/3/2019 21:30|30|36.8|1652.4
5/3/2019 21:35|29|36.8|1751.8
5/3/2019 21:40|29|36.8|1563.4
5/3/2019 21:45|29|36.8|1587.4
5/3/2019 21:50|30|36.7|1618
5/3/2019 21:55|29|36.7|1521
5/3/2019 22:00|29|36.7|1517.6
5/3/2019 22:05|29|36.7|1566.6
5/3/2019 22:10|29|36.7|1542.4
5/3/2019 22:15|29|36.6|1518.8
5/3/2019 22:20|29|36.6|1518.8
5/3/2019 22:25|29|36.6|1738.6
5/3/2019 22:30|29|36.6|1730.2
5/3/2019 22:35|29|36.5|1781.8
5/3/2019 22:40|29|36.5|1764.6
5/3/2019 22:45|29|36.5|1709
5/3/2019 22:50|29|36.5|1726.6
5/3/2019 22:55|29|36.4|1714
5/3/2019 23:00|29|35.7|1707.4
5/3/2019 23:05|28|35.2|1686.2
5/3/2019 23:10|28|34.7|1656.8
5/3/2019 23:15|28|34.2|2672.4
5/3/2019 23:20|28|33.8|8549
5/3/2019 23:25|28|33.5|8899.8
5/3/2019 23:30|27|33.2|9067
5/3/2019 23:35|27|32.9|9354.2
5/3/2019 23:40|27|32.7|9345.4
5/3/2019 23:45|27|32.5|9192.8
5/3/2019 23:50|27|32.3|9198.2
5/3/2019 23:55|27|32.1|9304.8
5/4/2019 0:00|27|32|9431.2
5/4/2019 0:05|27|31.7|9411.4
5/4/2019 0:10|27|31.7|9340.8
5/4/2019 0:15|26|31.7|9460.8
5/4/2019 0:20|26|31.5|9466.8
5/4/2019 0:25|26|31.4|9504.8
5/4/2019 0:30|26|31.2|9535.8
5/4/2019 0:35|26|31.1|9461.8
5/4/2019 0:40|26|31|9460.6
5/4/2019 0:45|26|30.8|9494.6
5/4/2019 0:50|26|30.8|9398.4
5/4/2019 0:55|26|30.7|9500.4
5/4/2019 1:00|26|30.6|9525.8
5/4/2019 1:05|26|30.5|9065.6
5/4/2019 1:10|26|30.4|8556.8
5/4/2019 1:15|26|30.4|8483.2
5/4/2019 1:20|26|30.3|8583.6
5/4/2019 1:25|26|30.2|8545.2
5/4/2019 1:30|26|30|8521.8
5/4/2019 1:35|26|29.9|8628.4
5/4/2019 1:40|26|29.8|8610.4
5/4/2019 1:45|26|29.7|8527
5/4/2019 1:50|26|29.6|8547.6
5/4/2019 1:55|26|29.6|8528
5/4/2019 2:00|27|29.7|8495.2
5/4/2019 2:05|27|30.6|8540.2
5/4/2019 2:10|27|31.1|8528.8
5/4/2019 2:15|27|31.5|8570.8
5/4/2019 2:20|28|31.7|6796.8
5/4/2019 2:25|28|31.7|1857.2
5/4/2019 2:30|28|32|1845.6
5/4/2019 2:35|28|32.1|1848.2
5/4/2019 2:40|28|32.1|1850.6
5/4/2019 2:45|29|32.2|1850.6
5/4/2019 2:50|29|32.3|1847.2
5/4/2019 2:55|29|32.3|1853.8
5/4/2019 3:00|29|32.4|1863
5/4/2019 3:05|30|32.4|1859
5/4/2019 3:10|30|32.5|1858.6
5/4/2019 3:15|30|32.5|1860.2
5/4/2019 3:20|30|32.5|1862.4
5/4/2019 3:25|30|32.5|1867
5/4/2019 3:30|31|32.6|1861
5/4/2019 3:35|31|32.6|1867.6
5/4/2019 3:40|31|32.6|1871.2
5/4/2019 3:45|31|32.6|1870.8
5/4/2019 3:50|31|32.6|1874.6
5/4/2019 3:55|32|32.6|1858.4
5/4/2019 4:00|32|32.6|1884.4
5/4/2019 4:05|32|32.6|1862
5/4/2019 4:10|32|32.6|1865.4
5/4/2019 4:15|33|32.7|1867.2
5/4/2019 4:20|33|32.7|1865.8
5/4/2019 4:25|33|32.7|1872.6
5/4/2019 4:30|34|32.7|1874
5/4/2019 4:35|34|32.7|1868.2
5/4/2019 4:40|34|32.7|1877.8
5/4/2019 4:45|34|32.7|1769.2
5/4/2019 4:50|34|32.7|1246.2
5/4/2019 4:55|35|32.7|1245.8
5/4/2019 5:00|35|32.7|1247.4
5/4/2019 5:05|35|32.7|1230.6
5/4/2019 5:10|35|32.7|720
5/4/2019 5:15|35|32.7|1414
5/4/2019 5:20|35|32.6|1909.8
5/4/2019 5:25|34|32|1899.2
5/4/2019 5:30|33|31.4|1892.8
5/4/2019 5:35|32|31|1886
5/4/2019 5:40|31|30.7|4246.2
5/4/2019 5:45|31|30.4|8131.4
5/4/2019 5:50|32|30.4|8288
5/4/2019 5:55|31|30.2|8297.8
5/4/2019 6:00|30|30|8279
5/4/2019 6:05|31|29.9|8306
5/4/2019 6:10|31|30.2|8294.8
5/4/2019 6:15|31|30.7|8227.2
5/4/2019 6:20|32|31|8293.4
5/4/2019 6:25|32|31.2|8365
5/4/2019 6:30|33|31.4|4524.2
5/4/2019 6:35|34|31.5|1830.2
5/4/2019 6:40|34|31.5|1826.2
5/4/2019 6:45|34|31.6|1829.4
5/4/2019 6:50|34|31.6|1834.8
5/4/2019 6:55|34|31.6|1864.4
5/4/2019 7:00|34|31.6|1892.8
5/4/2019 7:05|34|31.7|1788.4
5/4/2019 7:10|35|31.7|1692.6
5/4/2019 7:15|35|31.7|1717.4
5/4/2019 7:20|35|31.7|1712.2
5/4/2019 7:25|35|31.7|1687.6
5/4/2019 7:30|35|31.7|1680.2
5/4/2019 7:35|35|31.7|1662.6
5/4/2019 7:40|35|31.7|1674.6
5/4/2019 7:45|35|31.7|1715
5/4/2019 7:50|35|31.7|1694.8
5/4/2019 7:55|35|31.7|1750.2
5/4/2019 8:00|36|31.7|3999
5/4/2019 8:05|36|31.7|4185.6
5/4/2019 8:10|36|31.7|1671.6
5/4/2019 8:15|36|31.7|1736.8
5/4/2019 8:20|36|31.7|1740.2
5/4/2019 8:25|36|31.7|3337.4
5/4/2019 8:30|36|31.7|4250.2
5/4/2019 8:35|36|31.7|4785.4
5/4/2019 8:40|37|31.7|1882.8
5/4/2019 8:45|37|31.8|2580
5/4/2019 8:50|37|31.8|2666.6
5/4/2019 8:55|37|31.9|2396.6
5/4/2019 9:00|37|31.9|2177.8
5/4/2019 9:05|37|32|2574.8
5/4/2019 9:10|37|32|2041
5/4/2019 9:15|37|32|2653.8
5/4/2019 9:20|38|32|2154.6
5/4/2019 9:25|38|32.1|1680.6
5/4/2019 9:30|39|32.1|1644.6
5/4/2019 9:35|39|32.1|1825.2
5/4/2019 9:40|39|32.2|2563
5/4/2019 9:45|39|32.2|2264.2
5/4/2019 9:50|38|32.3|2493.8
5/4/2019 9:55|38|32.3|2559.8
5/4/2019 10:00|38|32.3|1744.8
5/4/2019 10:05|37|32.4|1555.6
5/4/2019 10:10|37|32.4|1695.4
5/4/2019 10:15|37|32.5|1664.6
5/4/2019 10:20|37|32.6|1464.6
5/4/2019 10:25|36|32.6|1454
5/4/2019 10:30|36|32.6|1432
5/4/2019 10:35|36|32.7|1501.4
5/4/2019 10:40|36|32.8|1502.6
5/4/2019 10:45|36|32.8|1497.6
5/4/2019 10:50|35|32.9|1506.4
5/4/2019 10:55|35|32.9|1506.8
5/4/2019 11:00|35|33|1510
5/4/2019 11:05|35|33.1|1504
5/4/2019 11:10|34|33.2|1503.4
5/4/2019 11:15|34|33.2|1494.2
5/4/2019 11:20|34|33.3|1498
5/4/2019 11:25|34|33.4|1498.6
5/4/2019 11:30|34|33.4|1505.8
5/4/2019 11:35|33|33.6|1501.8
5/4/2019 11:40|33|33.6|1507.4
5/4/2019 11:45|33|33.7|1488.6
5/4/2019 11:50|33|33.8|1484
5/4/2019 11:55|32|33.8|1486
5/4/2019 12:00|32|33.9|1471.8
5/4/2019 12:05|32|34|1485
5/4/2019 12:10|32|34.1|1492.4
5/4/2019 12:15|32|34.2|1491.8
5/4/2019 12:20|32|34.3|1496.4
5/4/2019 12:25|31|34.4|1501.6
5/4/2019 12:30|31|34.5|1494.2
5/4/2019 12:35|31|34.5|1478.6
5/4/2019 12:40|31|34.6|1487.8
5/4/2019 12:45|31|34.7|1493.6
5/4/2019 12:50|31|34.8|1500.4
5/4/2019 12:55|31|34.9|1490.4
5/4/2019 13:00|30|35|1504
